subject,question,choice_A,choice_B,choice_C,choice_D,answer,answer_letter,split,first_piece,second_piece,generated_guided_completion
professional_law,"A pet store owner opened a store in a new town. She was not aware that the city council had recently passed a law prohibiting the sale of cats and dogs from a retail pet store. The statute had a provision that allowed the pet store to give space to a non-profit humane society to adopt animals from the pet store. The owner sued the city in federal court, claiming a violation of due process and equal protection under the Fourteenth Amendment. The court used the rational basis test to conclude that the statute served a legitimate state interest and was enforceable. The pet store owner appealed the decision. Will the appellate court likely affirm the decision of the lower court?","Yes, because the pet store owner was not treated differently than any other pet store owner.","Yes, because the correct test requires only that the law in question will satisfy any set of facts that could establish a rational basis for achieving legitimate government ends.","No, the pet store owner has a vested constitutional right to earn a living and that is unreasonably precluded by the law in question.","No, because this ordinance is so invidiously discriminatory that it must pass the strict scrutiny test, which it fails to do.",1,B,test,"A pet store owner opened a store in a new town. She was not aware that the city council had recently passed a law prohibiting the sale of cats and dogs from a retail pet store. The statute had a provision that allowed the pet store to give space to a non-profit humane society to adopt animals from the pet store. The owner sued the city in federal court, claiming a violation of due process and equal protection under the Fourteenth Amendment.",The court used the rational basis test to conclude that the statute served a legitimate state interest and was enforceable. The pet store owner appealed the decision. Will the appellate court likely affirm the decision of the lower court?,The court held that the city's action is a valid exercise of its police powers to regulate local businesses.
high_school_psychology,Which part of the brain was thought to play the most important role in the Cannon-Bard theory of emotion?,thalamus,hippocampus,medulla,association areas,0,A,test,Which part of the brain was thought to play the most,important role in the Cannon-Bard theory of emotion?,important role in emotion?
medical_genetics,Severe anaemia at birth is a feature of what?,Alpha-thalassaemia,Beta-thalassaemia,Hereditary persistence of fetal haemoglobin,Sickle cell disease,0,A,test,Severe anaemia at birth is,a feature of what?,"A. sickle cell disease
B. iron deficiency anemia
C. thalassemia major
D. G6PD deficiency"
high_school_psychology,An obese individual with a breathing-related sleep disorder most likely suffers from which of the following?,Narcolepsy,Hypersomnia,Insomnia,Sleep apnea,3,D,test,An obese individual with a breathing-related sleep disorder most,likely suffers from which of the following?,likely to have hypertension.
professional_law,"A 13-year-old girl was operating a high-speed motorboat. The boat was towing a 9-year-old boy in an inner tube tied to the rear of the motorboat by a rope. The rope became tangled around the boy's foot, causing him to suffer severe injuries. In a suit brought on the boy's behalf against the girl, the boy has introduced uncontroverted evidence that the girl drove carelessly in such a way as to entangle the boy in the rope. Is the boy likely to prevail? ","No, because the boy assumed the risk.","No, because the girl was too young to be expected to appreciate and avoid the risk she expected to appreciate and avoid the risk she exposed the boy to.","Yes, because children of the girl's age should have the capacity to operate motorboats.","Yes, because the girl will be held to an adult standard of care.  ",3,D,validation,"A 13-year-old girl was operating a high-speed motorboat. The boat was towing a 9-year-old boy in an inner tube tied to the rear of the motorboat by a rope. The rope became tangled around the boy's foot, causing him to suffer severe injuries.","In a suit brought on the boy's behalf against the girl, the boy has introduced uncontroverted evidence that the girl drove carelessly in such a way as to entangle the boy in the rope. Is the boy likely to prevail?",The mother of the boy legally sues the operator. Is she entitled to recover damages under the doctrine of negligence?
professional_psychology,Kohlberg’s cognitive-developmental theory identifies which of the following as the initial stage of gender-role acquisition?,gender affirmation,gender identity,gender constancy,gender stability.,1,B,test,Kohlberg’s cognitive-developmental theory identifies which of the following as,the initial stage of gender-role acquisition?,moral stages of human development.
international_law,Which State exercises jurisdiction over vessels on the high seas?,All States may exercise jurisdiction over foreign vessels on the high seas,States may exercise jurisdiction over foreign vessels on the high seas only in cases of criminal activity that concerns them,"The flag State is to exercise exclusive jurisdiction over its vessels on the high seas, with the exception of specific cases, such as piracy",The flag State is the only State to exercise exclusive jurisdiction over its vessels on the high seas with no exception,2,C,test,Which State exercises jurisdiction over vessels,on the high seas?,?
high_school_psychology,The ability to solve a new computer game based on logical puzzles probably depends on which kind of intelligence?,fluid intelligence,crystallized intelligence,aptitude intelligence,achievement intelligence,0,A,test,The ability to solve a new computer game based on logical,puzzles probably depends on which kind of intelligence?,reasoning.
elementary_mathematics,Cat food costs $.47/lb. How much does a 6-lb bag cost?,$2.82 ,$2.97 ,$6.47 ,$12.77 ,0,A,test,Cat food costs $.47/lb.,How much does a 6-lb bag cost?,\nHow much does a 5 lb bag of cat food cost?
moral_disputes, Nathanson believes that killing another person in self-defense is compatible with,respect for the dignity of persons.,the principle of equality.,a consequentialist theory of punishment..,equality retributivism.,0,A,test, Nathanson believes that killing another person,in self-defense is compatible with,is wrong.
high_school_us_history,"This question refers to the following information.
""The challenge of the next half century is whether we have the wisdom to use wealth to enrich and elevate our national life, and to advance the quality of our American civilization….The Great Society rests on abundance and liberty for all. It demands an end to poverty and racial injustice, to which we are totally committed in our time. But that is just the beginning. The Great Society is a place where every child can find knowledge to enrich his mind and to enlarge his talents. It is a place where leisure is a welcome chance to build and reflect, not a feared cause of boredom and restlessness. It is a place where the city of man serves not only the needs of the body and the demands of commerce but the desire for beauty and the hunger for community. It is a place where man can renew contact with nature. It is a place which honors creation for its own sake and for what it adds to the understanding of the race. It is a place where men are more concerned with the quality of their goals than the quantity of their goods. But most of all, the Great Society is not a safe harbor, a resting place, a final objective, a finished work. It is a challenge constantly renewed, beckoning us toward a destiny where the meaning of our lives matches the marvelous products of our labor.""
Lyndon Johnson, Remarks at the University of Michigan, Ann Arbor, 1964
Which one of the following was an unintended consequence of the liberal successes of the 1960s?",Liberal Democrats abandoned anti-war protests in a show of support for President Johnson.,Conservative Republicans mobilized to defend traditional mores and curb government authority.,"Economic recession catalyzed by increased government spending causing ""stagflation.""","A majority of Northern black voters abandoned the Democrat party, siding with Republicans.",1,B,test,"This question refers to the following information. ""The challenge of the next half century is whether we have the wisdom to use wealth to enrich and elevate our national life, and to advance the quality of our American civilization….The Great Society rests on abundance and liberty for all. It demands an end to poverty and racial injustice, to which we are totally committed in our time. But that is just the beginning. The Great Society is a place where every child can find knowledge to enrich his mind and to enlarge his talents. It is a place where leisure is a welcome chance to build and reflect, not a feared cause of boredom and restlessness. It is a place where the city of man serves not only the needs of the body and the demands of commerce but the desire for beauty and the hunger for community. It is a place where man can renew contact with nature.","It is a place which honors creation for its own sake and for what it adds to the understanding of the race. It is a place where men are more concerned with the quality of their goals than the quantity of their goods. But most of all, the Great Society is not a safe harbor, a resting place, a final objective, a finished work. It is a challenge constantly renewed, beckoning us toward a destiny where the meaning of our lives matches the marvelous products of our labor."" Lyndon Johnson, Remarks at the University of Michigan, Ann Arbor, 1964
Which one of the following was an unintended consequence of the liberal successes of the 1960s?","\n\nAccording to the passage, the Great Society is a place where:"
high_school_mathematics,Eighty-five more than the square of a number is the same as the square of the quantity that is $17$ less than the number. What is the number?,17,6,2,11,1,B,test,Eighty-five more than the square of a number is the same as the square of the quantity that is $17$ less than the number.,What is the number?,"(A) 9
(B) -9
(C) 6
(D) 17"
professional_psychology,"In research study, a mother and her infant are alone in a room. A stranger enters and the mother leaves the room. When the mother returns to the room, the infant begins to cry and initially continues to do so even after being picked up by the mother. Eventually the infant settles down and returns to playing, apparently happily, with the toys provided. Which attachment classification is most likely to be appropriate for this infant",Disorganized,Anxious resistant,Avoidant,Secure,1,B,test,"In research study, a mother and her infant are alone in a room. A stranger enters and the mother leaves the room. When the mother returns to the room, the infant begins to cry and initially continues to do so even after being picked up by the mother.","Eventually the infant settles down and returns to playing, apparently happily, with the toys provided. Which attachment classification is most likely to be appropriate for this infant",\n\nWhich attachment pattern is this example of?
moral_disputes," Wellman accepts that there are other values besides the freedom of association, such as",egalitarian values concerning the elimination of inequalities that make people vulnerable to oppression.,libertarian values concerning individuals' property rights and freedom of movement.,both A and B,nothing; there are no values besides freedom of association,2,C,test, Wellman accepts that there are other values besides,"the freedom of association, such as",utilitarianism.
moral_scenarios,"For which of these two scenarios does the main character (who uses I/me/my) do something clearly morally wrong, according to ordinary moral standards in the US as of 2020? Scenario 1 | I used my oversized SUV to block the fire station driveway. Scenario 2 | I broke a pencil while working on my final exam.","Wrong, Wrong","Wrong, Not wrong","Not wrong, Wrong","Not wrong, Not wrong",1,B,validation,"For which of these two scenarios does the main character (who uses I/me/my) do something clearly morally wrong, according to ordinary moral standards in the US as of 2020? Scenario 1 | I used my oversized SUV to block the fire station driveway.",Scenario 2 | I broke a pencil while working on my final exam.,\nScenario 2 | I donated all my money to a charity.
prehistory,A(n) _________ contains primary refuse; a _________ contains secondary refuse.,kitchen; garden,activity area; burial,picnic site; trash dump,activity area; recycling area,2,C,test,A(n) _________ contains primary refuse; a,_________ contains secondary refuse.,llandfill
high_school_us_history,"This question refers to the following information.
Perhaps, however, I am more conscious of the importance of civil liberties in this particular moment of our history than anyone else, because I travel through the country and meet people and see things that have happened to little people, I realize what it means to democracy to preserve our civil liberties.
All through the years we have had to fight for civil liberty, and we know that there are times when the light grows rather dim, and every time that happens democracy is in danger. Now, largely because of the troubled state of the world as a whole, civil liberties have disappeared in many other countries.
It is impossible, of course, to be at war and keep freedom of the press and freedom of speech and freedom of assembly. They disappear automatically. And so in many countries where ordinarily they were safe, today they have gone. In other countries, even before war came, not only freedom of the press and freedom of assembly, and freedom of speech disappeared, but freedom of religion disappeared.
And so we know here in this country, we have a grave responsibility. We are at peace. We have no reason for the fears which govern so many other peoples throughout the world; therefore, we have to guard the freedoms of democracy.
—Eleanor Roosevelt, Address to the American Civil Liberties Union, Chicago, Illinois, March 14, 1940
An example of the threat to civil liberties that concerned Roosevelt was which of the following?",The Social Security Act,Executive Order 9066 interning Japanese Americans,The G.I. Bill,The Baby Boom,1,B,test,"This question refers to the following information. Perhaps, however, I am more conscious of the importance of civil liberties in this particular moment of our history than anyone else, because I travel through the country and meet people and see things that have happened to little people, I realize what it means to democracy to preserve our civil liberties. All through the years we have had to fight for civil liberty, and we know that there are times when the light grows rather dim, and every time that happens democracy is in danger. Now, largely because of the troubled state of the world as a whole, civil liberties have disappeared in many other countries. It is impossible, of course, to be at war and keep freedom of the press and freedom of speech and freedom of assembly. They disappear automatically. And so in many countries where ordinarily they were safe, today they have gone.","In other countries, even before war came, not only freedom of the press and freedom of assembly, and freedom of speech disappeared, but freedom of religion disappeared. And so we know here in this country, we have a grave responsibility. We are at peace. We have no reason for the fears which govern so many other peoples throughout the world; therefore, we have to guard the freedoms of democracy. —Eleanor Roosevelt, Address to the American Civil Liberties Union, Chicago, Illinois, March 14, 1940
An example of the threat to civil liberties that concerned Roosevelt was which of the following?","According to the passage, what is the reason for the disappearance of civil liberties in many countries?"
miscellaneous,"A passage from Zora Neale Hurston's Their Eyes Were Watching God is as follows. The people all saw her come because it was sundown. The sun was gone, but he had left his footprints in the sky. It was the time for sitting on porches beside the road. It was the time to hear things and talk. These sitters had been tongueless, earless, eyeless conveniences all day long. Mules and other brutes had occupied their skins. But now, the sun and the bossman were gone, so the skins felt powerful and human. They became lords of sounds and lesser things. They passed nations through their mouths. They sat in judgment. The description of the sun in the second sentence contains which of the following literary devices?",Foreshadowing,Irony,Flashback,Personification,3,D,test,"A passage from Zora Neale Hurston's Their Eyes Were Watching God is as follows. The people all saw her come because it was sundown. The sun was gone, but he had left his footprints in the sky. It was the time for sitting on porches beside the road. It was the time to hear things and talk. These sitters had been tongueless, earless, eyeless conveniences all day long. Mules and other brutes had occupied their skins.","But now, the sun and the bossman were gone, so the skins felt powerful and human. They became lords of sounds and lesser things. They passed nations through their mouths. They sat in judgment. The description of the sun in the second sentence contains which of the following literary devices?","Based on the passage, which of the following best describes the role of the people sitting on the porch?"
high_school_geography,The tendency for migration to decrease with distance is called,push factors.,pull factors.,distance decay.,migration selectivity.,2,C,test,The tendency for migration to decrease,with distance is called,"with increasing distance between the origin and the destination.
A. with increasing distance between the origin and the destination
B. with decreasing distance between the origin and the destination
C. with increasing population density
D. with decreasing population density"
high_school_microeconomics,Good X is exchanged in a competitive market. Which of the following is true if an excise tax is now imposed on the production of good X?,"If the demand curve is perfectly elastic, the price rises by the amount of the tax.",The consumer's burden of the tax rises as the demand curve is more elastic.,Consumer surplus rises as a result of the tax.,The consumer's burden of the tax rises as the demand curve is less elastic.,3,D,test,Good X is exchanged in a competitive market.,Which of the following is true if an excise tax is now imposed on the production of good X?,the price is determined by supply and demand.
high_school_macroeconomics,Every choice results in a foregone best alternative which economists call the,accounting cost,switching cost,inferior cost,opportunity cost,3,D,test,Every choice results in a foregone best,alternative which economists call the,.
high_school_us_history,"This question refers to the following information.
""An act for the more effectual protection of the property of married women:
""§1. The real property of any female who may hereafter marry, and which she shall own at the time of marriage, and the rents, issues, and profits thereof, shall not be subject to the sole disposal of her husband, nor be liable for his debts, and shall continue her sole and separate property, as if she were a single female.
""§2. The real and personal property, and the rents, issues, and profits thereof, of any female now married, shall not be subject to the disposal of her husband; but shall be her sole and separate property, as if she were a single female, except so far as the same may be liable for the debts of her husband heretofore contracted.
""§3. Any married female may take by inheritance, or by gift, grant, devise, or bequest, from any person other than her husband, and hold to her sole and separate use, and convey and devise real and personal property, and any interest or estate therein, and the rents, issues, and profits thereof, in the same manner and with like effect as if she were unmarried, and the same shall not be subject to the disposal of her husband nor be liable for his debts.""
—Married Women's Property Act, New York State (1848)
The ideas expressed in the passage above most directly reflect which of the following continuities in U.S. history?",Debates about access to voting rights.,Debates about the role of federal government in marriage law.,Debates about discrimination in employment.,Debates about the legal status of women.,3,D,test,"This question refers to the following information. ""An act for the more effectual protection of the property of married women:
""§1. The real property of any female who may hereafter marry, and which she shall own at the time of marriage, and the rents, issues, and profits thereof, shall not be subject to the sole disposal of her husband, nor be liable for his debts, and shall continue her sole and separate property, as if she were a single female. ""§2. The real and personal property, and the rents, issues, and profits thereof, of any female now married, shall not be subject to the disposal of her husband; but shall be her sole and separate property, as if she were a single female, except so far as the same may be liable for the debts of her husband heretofore contracted.","""§3. Any married female may take by inheritance, or by gift, grant, devise, or bequest, from any person other than her husband, and hold to her sole and separate use, and convey and devise real and personal property, and any interest or estate therein, and the rents, issues, and profits thereof, in the same manner and with like effect as if she were unmarried, and the same shall not be subject to the disposal of her husband nor be liable for his debts."" —Married Women's Property Act, New York State (1848)
The ideas expressed in the passage above most directly reflect which of the following continuities in U.S. history?","Question: According to the text, under what condition would the real and personal property, and the rents, issues, and profits thereof, of any female now married be liable for the debts of her husband?"
marketing,"A framework categorizes different services, which, in turn, influence the degree to which market offerings can be evaluated, and three main properties are identified:","Search, experiment, and credence properties.","Search, experience, and credence properties.","Sell, trust, and credence properties.","Search, belief, and confidence properties.",1,B,test,"A framework categorizes different services, which, in turn, influence the degree to which market","offerings can be evaluated, and three main properties are identified:",segmentation is possible.
conceptual_physics,A wave transfers,amplitude,wavelength,frequency,energy,3,D,test,A wave,transfers,"traveling along a string has amplitude 2 cm, wavelength 8 cm, and frequency 6 Hz."
prehistory,What do anthropologists NOT need to know to determine when people entered the Americas from Siberia?,When sled dogs were first domesticated,When the Bering Strait was exposed and open for travel,When eastern Siberia was first inhabited,The age of the earliest New World sites,0,A,test,What do anthropologists NOT need to know to determine,when people entered the Americas from Siberia?,whether two populations are closely related?
miscellaneous,The process of drilling holes in the skull is called what?,bifurcation,trepanation,aeronomy,skullduggery,1,B,test,The process of drilling holes in the,skull is called what?,earth.
security_studies,In what ways have governments responded to the threat of TNC post-Cold War?,State responses to transnational crime have evolved in correlation to the increased threat posed to the integrity of the state. Organized crime has been regarded primarily as a national security threat to be addressed domestically. The institutionalized international approaches for information sharing have been predominately bilateral to the extent of bringing to justice perpetrators of crime that are seeking to evade justice.,"With the expansion of TNC in the 1990s, states became increasingly willing to take measures to reduce the asymmetries between countries through harmonization of legislation and increasing police capacity and networking. The government response to transnational crime has focused on targeting the individuals and organizations perpetrating the crime, rather than the criminal markets themselves.",The US war on drugs has heavily influenced the construction of the governmental response to the growing perception that the phenomenon of TNC represents a national security threat. The approach has an emphasis on bilateral and multilateral cooperation on law enforcement combined with sticks on a bi-lateral basis to induce states to increase regulation and enforcement against TNC.,The emergence of norms governing the response to address the spectre of organized crime and to harmonize legislation occurred with the evolving Global War on Terror in which the terrorism-organized crime nexus resulted in the militarization of law enforcement: the use of military technology and intelligence as opposed to addressing the underlying conditions that facilitate illicit trade through an international institutionalist response.,1,B,test,In what ways have governments responded to the,threat of TNC post-Cold War?,2008 financial crisis?
high_school_macroeconomics,Which of the following is true of money and financial markets?,As the demand for bonds increases the interest rate increases.,For a given money supply if nominal GDP increases the velocity of money decreases.,When demand for stocks and bonds increases the asset demand for money falls.,A macroeconomic recession increases the demand for loanable funds.,2,C,test,Which of the following is true of,money and financial markets?,the structure of DNA.
high_school_macroeconomics,Theo loses his job at the public swimming pool when the pool closes for the winter. This is an example of,cyclical unemployment.,discouraged worker.,seasonal unemployment.,frictional unemployment.,2,C,test,Theo loses his job at the public swimming pool when the pool closes for the winter.,This is an example of,\n\n He seeks employment elsewhere.
college_medicine,"A young adult man begins seeing a therapist and tells the therapist that he has homosexual feelings, and that he self-identifies as gay. He is plagued by feelings of worthlessness and fears that he will be subject to what his religion terms “eternal damnation”. He feels alienated from his family and friends, as he knows of no other homosexuals in his peer group or family. In the course of working with the man, the therapist helps him see that his feelings are exceptionally common among people who have recently discovered their same-sex feelings, and encourages him to attend a support group for newly “out” gay men. The therapist’s approach demonstrates which of the following phenomena?",Stereotype threat,Groupthink,Universalization,Spatial discrimination,2,C,validation,"A young adult man begins seeing a therapist and tells the therapist that he has homosexual feelings, and that he self-identifies as gay. He is plagued by feelings of worthlessness and fears that he will be subject to what his religion terms “eternal damnation”. He feels alienated from his family and friends, as he knows of no other homosexuals in his peer group or family.","In the course of working with the man, the therapist helps him see that his feelings are exceptionally common among people who have recently discovered their same-sex feelings, and encourages him to attend a support group for newly “out” gay men. The therapist’s approach demonstrates which of the following phenomena?",Which of the following is the most likely diagnosis?
abstract_algebra,"Statement 1 | If H and K are subgroups of G and one of H or K is normal subgroup of G, then HK is a subgroup of G. Statement 2 | All groups of order p^2 where p is prime are Abelian.","True, True","False, False","True, False","False, True",0,A,test,"Statement 1 | If H and K are subgroups of G and one of H or K is normal subgroup of G, then HK is",a subgroup of G. Statement 2 | All groups of order p^2 where p is prime are Abelian.,
human_sexuality,Menstruation is triggered by...,...a sharp increase in estrogen levels,...a sharp increase in progesterone levels,...a sharp decrease in estrogen and progesterone levels,...a sharp increase in estrogen and progesterone levels,2,C,test,Menstruation is,triggered by...,the periodic shedding of the uterine lining.
moral_scenarios,"For which of these two scenarios does the main character (who uses I/me/my) do something clearly morally wrong, according to ordinary moral standards in the US as of 2020? Scenario 1 | I gave the thirsty 13 year old a glass of milk. Scenario 2 | I used dishwashing liquid to clean the dishes.","Wrong, Wrong","Wrong, Not wrong","Not wrong, Wrong","Not wrong, Not wrong",3,D,test,"For which of these two scenarios does the main character (who uses I/me/my) do something clearly morally wrong, according to ordinary moral standards in the US as of 2020? Scenario 1 | I gave the thirsty 13 year old a glass of milk.",Scenario 2 | I used dishwashing liquid to clean the dishes.,Scenario 2 | I ignored the crying baby left alone in the car.
public_relations,What is the major advantage of organizational publications?,Their ability to provide a revenue source for sponsoring organizations,"Their ability to deliver specific, detailed information to narrowly defined target publics",Their ability to avoid the problems typically associated with two-way media,Their ability to give sponsoring organizations a means of uncontrolled communications,1,B,test,What is the major advantage,of organizational publications?,of the printing press?
astronomy,Which of the following statements about sidereal and solar days is not true?,The time it takes for the Sun to make one circuit of our sky is one solar day.,A solar day is 4 minutes longer than a sidereal day.,A solar day represents more than 360° of rotation for the earth.,The time it takes for the Moon to make one circuit of our sky is one solar day.,3,D,test,Which of the following statements about sidereal and,solar days is not true?,synodic periods is correct?
international_law,What types of force does Article 2(4) of the UN Charter prohibit?,Article 2(4) encompasses only armed force,"Article 2(4) encompasses all types of force, including sanctions",Article 2(4) encompasses all interference in the domestic affairs of States,Article 2(4) encompasses force directed only against a State's territorial integrity,0,A,dev,What types of force does Article 2(4),of the UN Charter prohibit?,prohibit?
moral_scenarios,"For which of these two scenarios does the main character (who uses I/me/my) do something clearly morally wrong, according to ordinary moral standards in the US as of 2020? Scenario 1 | I took a toy from the store Scenario 2 | I drank gatorade during halftime of the big game.","Wrong, Wrong","Wrong, Not wrong","Not wrong, Wrong","Not wrong, Not wrong",1,B,test,"For which of these two scenarios does the main character (who uses I/me/my) do something clearly morally wrong, according to ordinary moral standards in the US as of 2020?",Scenario 1 | I took a toy from the store Scenario 2 | I drank gatorade during halftime of the big game.,"Scenario 1: You find a wallet containing $500 and your keys while walking alone. You decide to keep the $500 because you are broke and need money for rent, and you leave the keys and wallet together on the sidewalk near a mailbox.
Scenario 2: You witness a shoplifter stealing a $500 worth of electronics from a department store. You call the police to report them, but you do not intervene to physically stop them."
prehistory,How have archaeologists characterized the monuments built by the Olmec?,Halafian ritual monuments,megalithic chiefdoms,surplus food storage centers,regal-ritual centers,3,D,test,How have archaeologists characterized the monuments,built by the Olmec?,?\n
management,How can organisational structures that are characterised by democratic and inclusive styles of management be described?,Hierarchical,Bureaucratic,Flat,Functional,2,C,dev,How can organisational structures that are characterised by democratic,and inclusive styles of management be described?,centralism be improved?
moral_scenarios,"For which of these two scenarios does the main character (who uses I/me/my) do something clearly morally wrong, according to ordinary moral standards in the US as of 2020? Scenario 1 | I washed the car and was paid. Scenario 2 | During the house's demolition, I pushed over a wall as he watched.","Wrong, Wrong","Wrong, Not wrong","Not wrong, Wrong","Not wrong, Not wrong",3,D,test,"For which of these two scenarios does the main character (who uses I/me/my) do something clearly morally wrong, according to ordinary moral standards in the US as of 2020? Scenario 1 | I washed the car and was paid.","Scenario 2 | During the house's demolition, I pushed over a wall as he watched.",Scenario 2 | I hit a pedestrian who was crossing the street.
logical_fallacies,"In a hypothetical syllogism, when the minor premise affirms the antecedent",no valid conclusion can be drawn,the conclusion must affirm the consequent,the conclusion must deny the consequent,the conclusion must deny the antecedent,1,B,test,"In a hypothetical syllogism, when the minor",premise affirms the antecedent,"premise is false, the conclusion must be false."
high_school_european_history,"This question refers to the following information.
The pair of excerpts below is written by explorer Christopher Columbus and the Dominican Bishop of Chiapas, Mexico, Bartholomew de las Casas.
Source 1
Indians would give whatever the seller required. . . . Thus they bartered, like idiots, cotton and gold for fragments of bows, glasses, bottles, and jars; which I forbad as being unjust, and myself gave them many beautiful and acceptable articles which I had brought with me, taking nothing from them in return; I did this in order that I might the more easily conciliate them, that they might be led to become Christians, and be inclined to entertain a regard for the King and Queen, our Princes and all Spaniards, and that I might induce them to take an interest in seeking out, and collecting and delivering to us such things as they possessed in abundance, but which we greatly needed.
—Christopher Columbus: letter to Raphael Sanchez, 1493
Source 2
It was upon these gentle lambs . . . that from the very first day they clapped eyes on them the Spanish fell like ravening wolves upon the fold, or like tigers and savage lions who have not eaten meat for days. The pattern established at the outset has remained unchanged to this day, and the Spaniards still do nothing save tear the natives to shreds, murder them and inflict upon them untold misery, suffering and distress, tormenting, harrying and persecuting them mercilessly. We shall in due course describe some of the many ingenious methods of torture they have invented and refined for this purpose, but one can get some idea of the effectiveness of their methods from the figures alone. When the Spanish first journeyed there, the indigenous population of the island of Hispaniola stood at some three million; today only two hundred survive. Their reason for killing and destroying such an infinite number of souls is that the Christians have an ultimate aim, which is to acquire gold, and to swell themselves with riches in a very brief time and thus rise to a high estate disproportionate to their merits.
—Bartholomew de las Casas: A Short Account of the Destruction of the Indies, 1542
Which of the following motives for exploration is de las Casas most likely to think is most important in Source 2?",Converting the natives to Christianity,Financial gain,Personal glory,Finding new mates,0,A,test,"This question refers to the following information. The pair of excerpts below is written by explorer Christopher Columbus and the Dominican Bishop of Chiapas, Mexico, Bartholomew de las Casas. Source 1
Indians would give whatever the seller required. . . . Thus they bartered, like idiots, cotton and gold for fragments of bows, glasses, bottles, and jars; which I forbad as being unjust, and myself gave them many beautiful and acceptable articles which I had brought with me, taking nothing from them in return; I did this in order that I might the more easily conciliate them, that they might be led to become Christians, and be inclined to entertain a regard for the King and Queen, our Princes and all Spaniards, and that I might induce them to take an interest in seeking out, and collecting and delivering to us such things as they possessed in abundance, but which we greatly needed. —Christopher Columbus: letter to Raphael Sanchez, 1493
Source 2
It was upon these gentle lambs . .",". that from the very first day they clapped eyes on them the Spanish fell like ravening wolves upon the fold, or like tigers and savage lions who have not eaten meat for days. The pattern established at the outset has remained unchanged to this day, and the Spaniards still do nothing save tear the natives to shreds, murder them and inflict upon them untold misery, suffering and distress, tormenting, harrying and persecuting them mercilessly. We shall in due course describe some of the many ingenious methods of torture they have invented and refined for this purpose, but one can get some idea of the effectiveness of their methods from the figures alone. When the Spanish first journeyed there, the indigenous population of the island of Hispaniola stood at some three million; today only two hundred survive. Their reason for killing and destroying such an infinite number of souls is that the Christians have an ultimate aim, which is to acquire gold, and to swell themselves with riches in a very brief time and thus rise to a high estate disproportionate to their merits. —Bartholomew de las Casas: A Short Account of the Destruction of the Indies, 1542
Which of the following motives for exploration is de las Casas most likely to think is most important in Source 2?","whom you slaughtered with such eagerness. —Bartholomew de las Casas: Letter to Charles V, 1567

According to the passages above, which of the following best summarizes the primary disagreement between the two authors regarding the indigenous population?"
international_law,What kind of State practice is required?,"Widespread, consistent and uniform practice, consisting both of acts and omissions.","Only widespread, consistent and uniform acts and not omissions of States",Widespread acts and omissions of States but not necessarily consistent or uniform,"Consistent practice of few States, including both acts and omissions, which is met with protestation by the other States",0,A,validation,What kind of State,practice is required?,does the Constitution establish?
philosophy,What does the notion of “meaning in life” refer to?,external meaning,god's plan,internalmeaning,meaning in an afterlife,2,C,test,What does the notion of “meaning,in life” refer to?,” refer to?
college_physics,"Consider three identical, ideal capacitors. The first capacitor is charged to a voltage and then disconnected from the battery. The other two capacitors, initially uncharged and connected in series, are then connected across the first capacitor. What is the final voltage on the first capacitor?",V_0/5,V_0/3,V_0/2,2V_0/3,3,D,test,"Consider three identical, ideal capacitors. The first capacitor is charged to a voltage and then disconnected from the battery.","The other two capacitors, initially uncharged and connected in series, are then connected across the first capacitor. What is the final voltage on the first capacitor?",
anatomy,Gastrulation is the process of,mesoderm formation and occurs after neurulation.,ectomesenchyme formation and occurs before neurulation.,mesoderm formation and occurs before neurulation.,ectomesenchyme formation and occurs after neurulation.,1,B,test,Gastrulation is the,process of,
machine_learning,Another term for out-of-distribution detection is?,anomaly detection,one-class detection,train-test mismatch robustness,background detection,0,A,test,Another term for out-of-distribution,detection is?,
prehistory,"Which perspective asserts that the Earth and all living organisms are less than six thousand years old and have changed little, if at all, since then?",uniformitarian,paleoanthropological,creationist,all of the above,2,C,test,Which perspective asserts that the Earth and all living organisms are less than six thousand,"years old and have changed little, if at all, since then?",
public_relations,Which type of measurement is the most effective choice for evaluating a campaign's impact on audience attitudes?,preparing a content analysis of media coverage,studying the content of blog postings about your issue,analyzing pre and post sales reports for changes in sales,conducting a pre and post analysis of constituents' opinions,3,D,test,Which type of measurement is the most effective choice for,evaluating a campaign's impact on audience attitudes?,
professional_law,"A 17-year-old boy was jostling with his 12-year-old brother. A pedestrian witnessed the boy shoving his brother and mistakenly believed that they were fighting. Acting as a Good Samaritan, the pedestrian approached the boys and tried to intercede. The boy stumbled and accidentally fell into the pedestrian, knocking him to the ground. The pedestrian broke his arm as a result of the fall. If the pedestrian sues the boy to recover damages for his injury, he should","prevail, because the pedestrian reasonably believed that the boy was about to injure his brother.","prevail, based upon the doctrine of transferred intent.","not prevail, because the pedestrian assumed the risk.","not prevail, unless the boy was negligent.",3,D,test,"A 17-year-old boy was jostling with his 12-year-old brother. A pedestrian witnessed the boy shoving his brother and mistakenly believed that they were fighting. Acting as a Good Samaritan, the pedestrian approached the boys and tried to intercede. The boy stumbled and accidentally fell into the pedestrian, knocking him to the ground.","The pedestrian broke his arm as a result of the fall. If the pedestrian sues the boy to recover damages for his injury, he should",
high_school_european_history,"This question refers to the following information.
For the catastrophe of 1914 the Germans are responsible. … Germany, in this matter, was unfortunate enough to allow herself (in spite of her skill at dissimulation) to be betrayed into an excess of candour by her characteristic tendency to go to extremes. Deutschland über alles. Germany above everything! … There you have the ultimate framework of an old but childish race.
Georges Clemenceau, Grandeur and Misery of Victory, 1930
From the passage, one may infer that Clemenceau believed",that the lyrics from the popular song Deutschland über alles (which eventually became the German national anthem) were the reason Germany started the war,that the lyrics from the popular song Deutschland über alles (which eventually became the German national anthem) were evidence of Germany's aggressive attitude,that the reason Germany lost the war was that it was betrayed from within,that Germany provided the ultimate framework for modern warfare,1,B,test,"This question refers to the following information. For the catastrophe of 1914 the Germans are responsible. … Germany, in this matter, was unfortunate enough to allow herself (in spite of her skill at dissimulation) to be betrayed into an excess of candour by her characteristic tendency to go to extremes. Deutschland über alles.","Germany above everything! … There you have the ultimate framework of an old but childish race. Georges Clemenceau, Grandeur and Misery of Victory, 1930
From the passage, one may infer that Clemenceau believed",
college_chemistry,Predict the hyperfine value for the EPR spectrum of fully deuteriated benzene radical anion C6D6•-.,0.375 mT,3.75 G,2.35 mT,0.58 G,3,D,test,Predict the hyperfine value for the EPR spectrum of,fully deuteriated benzene radical anion C6D6•-.,
astronomy,Why did Ptolemy have the planets orbiting Earth on ‘circles upon circles’ in his model of the universe?,To explain why more distant planets take longer to make a circuit through the constellations of the zodiac.,To explain the fact that planets sometimes appear to move westward rather than eastward relative to the stars in our sky.,To explain why the Greeks were unable to detect stellar paralax.,To properly account for the varying distances of the planets from Earth.,1,B,test,Why did Ptolemy have the planets orbiting Earth on ‘circles upon,circles’ in his model of the universe?,
high_school_physics,"In the laboratory, a cart experiences a single horizontal force as it moves horizontally in a straight line. Of the following data collected about this experiment, which is sufficient to determine the work done on the cart by the horizontal force?","The magnitude of the force, the cart’s initial speed, and the cart’s final speed",The mass of the cart and the distance the cart moved,"The mass of the cart, the cart’s initial speed, and the cart’s final speed",The mass of the cart and the magnitude of the force,2,C,validation,"In the laboratory, a cart experiences a single horizontal force as it moves horizontally in a straight line.","Of the following data collected about this experiment, which is sufficient to determine the work done on the cart by the horizontal force?",
high_school_biology,"The geneticist Mary Lyon hypothesized the existence of structures visible just under the nuclear membrane in mammals, which were later named Barr bodies. Which of the following statement is NOT correct about Barr bodies?","In the early female embryo, one copy of the X chromosome becomes inactivated in every body cell.",The same chromosome in every cell of a normal female is inactivated.,A male with the XXY genotype will have one Barr body.,Barr bodies consist of highly methylated DNA.,1,B,test,"The geneticist Mary Lyon hypothesized the existence of structures visible just under the nuclear membrane in mammals, which were later named Barr bodies.",Which of the following statement is NOT correct about Barr bodies?,
machine_learning,"What is the dimensionality of the null space of the following matrix? A = [[3, 2, −9], [−6, −4, 18], [12, 8, −36]]",0,1,2,3,2,C,test,What is the dimensionality of the null space of the following matrix?,"A = [[3, 2, −9], [−6, −4, 18], [12, 8, −36]]",
medical_genetics,Most new mutations appear to be,beneficial,neutral or deleterious,present in homozygotes rather than heterozygotes,detectable using allozyme studies (protein electrophoresis),1,B,test,Most new mutations appear,to be,
high_school_computer_science,Which of the following best describes the primary way in which a distributed denial-ofservice (D D o S) attack differs from a denial-ofservice (D o S) attack?,The goal of the attack,The number of computers being attacked,The number of computers launching the attack,The time period in which the attack occurs,2,C,test,Which of the following best describes the primary way in which a distributed denial-ofservice (D D,o S) attack differs from a denial-ofservice (D o S) attack?,
security_studies,Which of these statements is not accurately applied to Critical Security Studies?,The referent object can be objectively studied and should be considered accordingly.,The security analyst and the object of the security should not be regarded as separate.,Critical Security Studies is a post-positivist approach.,Critical Security studies questions the epistemological principles of other approaches in Security Studies.,0,A,test,Which of these statements is not accurately,applied to Critical Security Studies?,
high_school_macroeconomics,There is relatively more crowding out as the result of expansionary fiscal policy when,expansionary monetary policy accompanies the fiscal policy,the investment demand curve is inelastic,government spending improves profit expectations among businesses,the investment demand curve is elastic,3,D,test,There is relatively more crowding out as the,result of expansionary fiscal policy when,
philosophy,Butler argues that the belief that there is a conflict between public goods and private goods arises from our notions of:,justice.,benevolence.,property.,charity.,2,C,validation,Butler argues that the belief that there is a conflict between public,goods and private goods arises from our notions of:,
college_medicine,"A scientist using mouse models to determine the response of blood hormones to large levels of glucose in the body discovers a new hormone not previously described. According to his data, this hormone is found both inside and out of cells when carrying out its function, increase the amount of nucleic acid in the cell while functioning, and are derived from a structure containing four hydroxycarbon rings. This will likely be categorized as which type of hormone?",Enzymatic,Steroid,Peptide,Amino acid,1,B,test,"A scientist using mouse models to determine the response of blood hormones to large levels of glucose in the body discovers a new hormone not previously described. According to his data, this hormone is found both inside and out of cells when carrying out its function, increase the amount of nucleic acid in the cell while functioning, and are derived from a structure containing four hydroxycarbon rings.",This will likely be categorized as which type of hormone?,
high_school_us_history,"This question refers to the following information.
Let us not, I beseech you sir, deceive ourselves. Sir, we have done everything that could be done, to avert the storm which is now coming on. We have petitioned; we have remonstrated; we have supplicated; we have prostrated ourselves before the throne, and have implored its interposition to arrest the tyrannical hands of the ministry and Parliament. Our petitions have been slighted; our remonstrances have produced additional violence and insult; our supplications have been disregarded; and we have been spurned, with contempt, from the foot of the throne. In vain, after these things, may we indulge the fond hope of peace and reconciliation. There is no longer any room for hope.… It is in vain, sir, to extenuate the matter. Gentlemen may cry, Peace, Peace, but there is no peace. The war is actually begun! The next gale that sweeps from the north will bring to our ears the clash of resounding arms! Our brethren are already in the field! Why stand we here idle? What is it that gentlemen wish? What would they have? Is life so dear, or peace so sweet, as to be purchased at the price of chains and slavery? Forbid it, Almighty God! I know not what course others may take; but as for me, give me liberty or give me death!
—Patrick Henry, March 23, 1775
In this passage, Henry expresses an abiding American concern about which of the following?",No entangling alliances with foreign countries,The dangers of standing armies,Self-government,The separation of church and state,2,C,test,"This question refers to the following information. Let us not, I beseech you sir, deceive ourselves. Sir, we have done everything that could be done, to avert the storm which is now coming on. We have petitioned; we have remonstrated; we have supplicated; we have prostrated ourselves before the throne, and have implored its interposition to arrest the tyrannical hands of the ministry and Parliament. Our petitions have been slighted; our remonstrances have produced additional violence and insult; our supplications have been disregarded; and we have been spurned, with contempt, from the foot of the throne. In vain, after these things, may we indulge the fond hope of peace and reconciliation. There is no longer any room for hope.… It is in vain, sir, to extenuate the matter. Gentlemen may cry, Peace, Peace, but there is no peace. The war is actually begun! The next gale that sweeps from the north will bring to our ears the clash of resounding arms! Our brethren are already in the field!","Why stand we here idle? What is it that gentlemen wish? What would they have? Is life so dear, or peace so sweet, as to be purchased at the price of chains and slavery? Forbid it, Almighty God! I know not what course others may take; but as for me, give me liberty or give me death! —Patrick Henry, March 23, 1775
In this passage, Henry expresses an abiding American concern about which of the following?",
high_school_world_history,"This question refers to the following information.
""After the Tencteri came, in former days, the Bructeri; but the general account now is, that the Chamavi and Angrivarii entered their settlements, drove them out and utterly exterminated them with the common help of the [neighboring] tribes, either from hatred of their tyranny, or from the attractions of plunder, or from heaven's [favorable] regard for us. It did not even grudge us the spectacle of the conflict. More than sixty thousand fell, not beneath the Roman arms and weapons, but, grander far, before our delighted eyes. May the tribes, I pray, ever retain if not love for us, at least hatred for each other; for while the destinies of empire hurry us on, fortune can give no greater boon than discord among our foes.""
Germania, Publius Cornelius Tacitus, ca. 98 C.E.
Which of the following conclusions about imperial treatment of ""barbarian"" (foreign) peoples in the period 600 B.C.E. to 600 C.E. is most directly supported by the passage?",Empires encouraged rival tribes to destroy one another to reduce threats to the state.,Empires welcomed migrations of barbarian peoples as sources of military manpower or economic productivity.,Empires used military force against all neighboring barbarian peoples as a means of expanding their influence.,Empires used religion to convert barbarian peoples so that they might become friendlier to the state.,0,A,test,"This question refers to the following information. ""After the Tencteri came, in former days, the Bructeri; but the general account now is, that the Chamavi and Angrivarii entered their settlements, drove them out and utterly exterminated them with the common help of the [neighboring] tribes, either from hatred of their tyranny, or from the attractions of plunder, or from heaven's [favorable] regard for us. It did not even grudge us the spectacle of the conflict. More than sixty thousand fell, not beneath the Roman arms and weapons, but, grander far, before our delighted eyes. May the tribes, I pray, ever retain if not love for us, at least hatred for each other; for while the destinies of empire hurry us on, fortune can give no greater boon than discord among our foes."" Germania, Publius Cornelius Tacitus, ca.","98 C.E. Which of the following conclusions about imperial treatment of ""barbarian"" (foreign) peoples in the period 600 B.C.E. to 600 C.E. is most directly supported by the passage?",
prehistory,The 30 upright stones at Stonehenge are called _______; the horizontal stones are _________.,"legumes, sarsens","lintels, stelae","sarsens, lintels","trilithon, tholoi",2,C,test,The 30 upright stones at Stonehenge are called,_______; the horizontal stones are _________.,
professional_law,"During a Senate debate, members discussed how to punish a particular senator for having publicly rebuked the head of his party. One of the members suggested that the party inform television reporters that the senator in question is ""an opportunist who has very little loyalty to his own party and will switch sides at the earliest convenience. ""In determining whether the senator has a valid cause of action against the member for his remarks, which of the following most accurately reflects the applicable rule of law?",The senator must prove actual malice in order to recover for defamation.,Any remarks made during the debate were privileged.,"The remarks violated the senator's First Amendment right of privacy by placing him in a ""false light. ""","The remarks constitute a ""fair and substantial"" relation to ""important governmental objectives. """,1,B,validation,"During a Senate debate, members discussed how to punish a particular senator for having publicly rebuked the head of his party. One of the members suggested that the party inform television reporters that the senator in question is ""an opportunist who has very little loyalty to his own party and will switch sides at the earliest convenience.","""In determining whether the senator has a valid cause of action against the member for his remarks, which of the following most accurately reflects the applicable rule of law?",
formal_logic,"Use indirect truth tables to determine whether the following argument is valid. If the argument is invalid, choose an option which presents a counterexample. (There may be other counterexamples as well.)
(T · ~U) ⊃ ~W
~W ⊃ X
~Z ⊃ W
~(X · Z) / T ⊃ U",Valid,"Invalid. Counterexample when T, X, and Z are true and U and W are false","Invalid. Counterexample when T and X are true and U, W, and Z are false","Invalid. Counterexample when T, W, and Z are true and U and X are false",0,A,test,"Use indirect truth tables to determine whether the following argument is valid. If the argument is invalid, choose an option which presents a counterexample.","(There may be other counterexamples as well.) (T · ~U) ⊃ ~W
~W ⊃ X
~Z ⊃ W
~(X · Z) / T ⊃ U",
clinical_knowledge,Which of the following factors can affect enzyme activity?,Temperature.,pH.,The presence of certain metal ions.,All of the above.,3,D,test,Which of the following factors,can affect enzyme activity?,
moral_scenarios,"For which of these two scenarios does the main character (who uses I/me/my) do something clearly morally wrong, according to ordinary moral standards in the US as of 2020? Scenario 1 | I stole the audio equipment at the talent show. Scenario 2 | I realized that the homeowners weren't home so I climbed through the window.","Wrong, Wrong","Wrong, Not wrong","Not wrong, Wrong","Not wrong, Not wrong",0,A,test,"For which of these two scenarios does the main character (who uses I/me/my) do something clearly morally wrong, according to ordinary moral standards in the US as of 2020? Scenario 1 | I stole the audio equipment at the talent show.",Scenario 2 | I realized that the homeowners weren't home so I climbed through the window.,
abstract_algebra,"Find the product of the given polynomials in the given polynomial ring. f(x) = 4x - 5, g(x) = 2x^2 - 4x + 2 in Z_8[x].",2x^2 + 5,6x^2 + 4x + 6,0,x^2 + 1,1,B,test,Find the product of the given polynomials in the given polynomial ring.,"f(x) = 4x - 5, g(x) = 2x^2 - 4x + 2 in Z_8[x].",
college_biology,Which of the following is a second messenger that stimulates release of calcium ions into the cytoplasm?,Prostaglandins,Inositol triphosphate,Cyclic AMP,Calmodulin,1,B,test,Which of the following is a second messenger that stimulates,release of calcium ions into the cytoplasm?,
marketing, This pricing approach is used when the firm sets prices according to how much customers are prepared to pay:,Cost-oriented approach.,Value-oriented approach.,Competitor-oriented approach.,Demand-oriented approach.,3,D,test, This pricing approach is used when the firm sets prices according,to how much customers are prepared to pay:,
moral_disputes, Metz argues that dignity is based in,a capacity for communal or friendly relationships,a capacity for moral thought,a capacity for rational deliberation,a capacity for certain kinds of feelings or sentiments,0,A,test, Metz argues that dignity,is based in,
moral_scenarios,"For which of these two scenarios does the main character (who uses I/me/my) do something clearly morally wrong, according to ordinary moral standards in the US as of 2020? Scenario 1 | My daughter was getting F's, so I took all her food away for a week. Scenario 2 | I ironed my son for his school dance.","Wrong, Wrong","Wrong, Not wrong","Not wrong, Wrong","Not wrong, Not wrong",0,A,test,"For which of these two scenarios does the main character (who uses I/me/my) do something clearly morally wrong, according to ordinary moral standards in the US as of 2020? Scenario 1 | My daughter was getting F's, so I took all her food away for a week.",Scenario 2 | I ironed my son for his school dance.,
anatomy,Which of the following is flexible connective tissue that is attached to bones at the joints?,Adipose,Cartilage,Epithelial,Muscle,1,B,validation,Which of the following is flexible connective tissue that,is attached to bones at the joints?,
clinical_knowledge,The key attribute in successful marathon running is:,strength.,power.,stride length.,stamina.,3,D,test,The key attribute in successful,marathon running is:,
machine_learning,"A 6-sided die is rolled 15 times and the results are: side 1 comes up 0 times; side 2: 1 time; side 3: 2 times; side 4: 3 times; side 5: 4 times; side 6: 5 times. Based on these results, what is the probability of side 3 coming up when using Add-1 Smoothing?",2.0/15,1.0/7,3.0/16,1.0/5,1,B,dev,A 6-sided die is rolled 15 times and the results are: side 1 comes up 0 times; side 2: 1 time; side 3: 2 times; side 4: 3 times; side 5: 4 times; side 6: 5 times.,"Based on these results, what is the probability of side 3 coming up when using Add-1 Smoothing?",
professional_psychology,"An experimental psychologist with a Ph.D. wants to become a clinical psychologist. According to the APA’s General Guidelines for Providers of Psychological Services, he must:",complete appropriate coursework.,complete doctoral-level coursework and training in clinical psychology.,obtain supervision from a licensed clinical psychologist.,obtain a Ph.D. in clinical psychology from an accredited school.,1,B,validation,An experimental psychologist with a Ph.D. wants to become a clinical psychologist.,"According to the APA’s General Guidelines for Providers of Psychological Services, he must:",
high_school_psychology,Mayella believes that getting a good grade on an AP exam is a matter of luck. She most likely has,high academic self-efficacy,an internal locus of control,an external locus of control,high achievement motivation,2,C,test,Mayella believes that getting a good grade on an AP exam is a matter of luck.,She most likely has,
high_school_macroeconomics,At the peak of a typical business cycle which of the following is likely the greatest threat to the macroeconomy?,Unemployment,Bankruptcy,Declining labor productivity,Inflation,3,D,test,At the peak of a typical business cycle which of the following,is likely the greatest threat to the macroeconomy?,
clinical_knowledge,Which one of the following is not a use for intravenous infusions?,Administer prescribed intravenous fluid.,Administer dyes or contrast media for radiographic examinations.,Administer prescribed blood products.,To orally hydrate a patient.,3,D,validation,Which one of the following is not,a use for intravenous infusions?,
moral_scenarios,"For which of these two scenarios does the main character (who uses I/me/my) do something clearly morally wrong, according to ordinary moral standards in the US as of 2020? Scenario 1 | I planted a large garden in the center of the narrow public street. Scenario 2 | I drive very fast when I'm on a racetrack.","Wrong, Wrong","Wrong, Not wrong","Not wrong, Wrong","Not wrong, Not wrong",1,B,test,"For which of these two scenarios does the main character (who uses I/me/my) do something clearly morally wrong, according to ordinary moral standards in the US as of 2020? Scenario 1 | I planted a large garden in the center of the narrow public street.",Scenario 2 | I drive very fast when I'm on a racetrack.,
moral_scenarios,"For which of these two scenarios does the main character (who uses I/me/my) do something clearly morally wrong, according to ordinary moral standards in the US as of 2020? Scenario 1 | I dug up a hole at the beach to bury her toes. Scenario 2 | When the Nazis came to my door, I told them where Ann Frank was hiding.","Wrong, Wrong","Wrong, Not wrong","Not wrong, Wrong","Not wrong, Not wrong",2,C,test,"For which of these two scenarios does the main character (who uses I/me/my) do something clearly morally wrong, according to ordinary moral standards in the US as of 2020? Scenario 1 | I dug up a hole at the beach to bury her toes.","Scenario 2 | When the Nazis came to my door, I told them where Ann Frank was hiding.",
professional_accounting,Which of the following procedures would an auditor most likely perform before the balance sheet? date?,Confirm with client's lawyer that all litigation probable of assertion has been disclosed to the auditor.,Obtain an understanding of the client's internal control activities.,Determine whether there are any liens or encumbrances on assets that have been pledged as collateral.,Consider the client's plans and ability to meet imminent purchase commitments and cash flow obligations.,1,B,test,Which of the following procedures would an auditor most likely perform before the balance sheet?,date?,
high_school_us_history,"This question refers to the following information.
One of the rights which the freeman has always guarded with most jealous care is that of enjoying the rewards of his own industry. Realizing that the power to tax is the power to destroy and that the power to take a certain amount of property or of income is only another way of saying that for a certain proportion of his time a citizen must work for the government, the authority to impose a tax on the people has been most carefully guarded.… A government which lays taxes on the people not required by urgent necessity and sound public policy is not a protector of liberty, but an instrument of tyranny. It condemns the citizen to tyranny. One of the first signs of the breaking down of free government is a disregard by the taxing power of the right of the people to their own property.… Unless the people can enjoy that reasonable security in the possession of their property, which is guaranteed by the Constitution, against unreasonable taxation, freedom is at an end.… With us economy is imperative. It is a full test of our national character.… It is always the people who toil that pay.
—Calvin Coolidge, ""Economy in the Interest of All,"" June 30, 1924
The ideas expressed above were influenced by which of the following?",Widespread prosperity in the 1920s,Widespread economic hardship in the 1920s,The rapid growth of the welfare state in the 1920s,Highly publicized antitrust prosecutions,0,A,test,"This question refers to the following information. One of the rights which the freeman has always guarded with most jealous care is that of enjoying the rewards of his own industry. Realizing that the power to tax is the power to destroy and that the power to take a certain amount of property or of income is only another way of saying that for a certain proportion of his time a citizen must work for the government, the authority to impose a tax on the people has been most carefully guarded.… A government which lays taxes on the people not required by urgent necessity and sound public policy is not a protector of liberty, but an instrument of tyranny. It condemns the citizen to tyranny.","One of the first signs of the breaking down of free government is a disregard by the taxing power of the right of the people to their own property.… Unless the people can enjoy that reasonable security in the possession of their property, which is guaranteed by the Constitution, against unreasonable taxation, freedom is at an end.… With us economy is imperative. It is a full test of our national character.… It is always the people who toil that pay. —Calvin Coolidge, ""Economy in the Interest of All,"" June 30, 1924
The ideas expressed above were influenced by which of the following?",
nutrition,"Calculate the body mass index (BMI) for a patient whose height is 1.75 m and whose weight is 99 kg.
",29,32,39,43,1,B,test,Calculate the body mass index (BMI) for a patient whose height is,"1.75 m and whose weight is 99 kg.
",
professional_medicine,"A 75-year-old female presents to the office for a health maintenance examination. She says that she is more fatigued than she was at 65, but she still gardens and drives to the grocery store. Routine laboratory studies reveal a leukocyte count of 25.0 × 103/mcL (reference range 4.5-11.0 × 103/mcL) and 97% mature-appearing lymphocytes on a peripheral blood smear. Immunohistochemical stains demonstrate the lymphocytes to be of B-cell origin. The most likely diagnosis is",acute lymphocytic leukemia,acute myelogenous leukemia,chronic lymphocytic leukemia,chronic myelogenous leukemia,2,C,test,"A 75-year-old female presents to the office for a health maintenance examination. She says that she is more fatigued than she was at 65, but she still gardens and drives to the grocery store. Routine laboratory studies reveal a leukocyte count of 25.0 × 103/mcL (reference range 4.5-11.0 × 103/mcL) and 97% mature-appearing lymphocytes on a peripheral blood smear.",Immunohistochemical stains demonstrate the lymphocytes to be of B-cell origin. The most likely diagnosis is,
conceptual_physics,A rainbow is the result of light in raindrops that undergoes,internal reflection,dispersion,refraction,All of these,3,D,test,A rainbow is the result of light,in raindrops that undergoes,
econometrics,"Which of the following may be consequences of one or more of the CLRM assumptions being violated?

i) The coefficient estimates are not optimal


ii) The standard error estimates are not optimal


iii) The distributions assumed for the test statistics are inappropriate


iv) Conclusions regarding the strength of relationships between the dependent

and independent variables may be invalid.",(ii) and (iv) only,(i) and (iii) only,"(i), (ii), and (iii) only","(i), (ii), (iii), and (iv)",3,D,test,Which of the following may be consequences of one or more of the CLRM assumptions being violated?,"i) The coefficient estimates are not optimal


ii) The standard error estimates are not optimal


iii) The distributions assumed for the test statistics are inappropriate


iv) Conclusions regarding the strength of relationships between the dependent

and independent variables may be invalid.",
high_school_chemistry,Most transition metals share a common oxidation state of +2. Which of the following best explains why?,Transition metals all have a minimum of two unpaired electrons.,Transition metals have unstable configurations and are very reactive.,Transition metals tend to gain electrons when reacting with other elements.,Transition metals will lose their outermost s-block electrons when forming bonds.,3,D,test,Most transition metals share a common oxidation state of +2.,Which of the following best explains why?,
moral_scenarios,"For which of these two scenarios does the main character (who uses I/me/my) do something clearly morally wrong, according to ordinary moral standards in the US as of 2020? Scenario 1 | When I checked out from the hotel I turned in the dirty towels. Scenario 2 | I always kept my whiskey bottles out of reach of my 3-year-old son.","Wrong, Wrong","Wrong, Not wrong","Not wrong, Wrong","Not wrong, Not wrong",3,D,test,"For which of these two scenarios does the main character (who uses I/me/my) do something clearly morally wrong, according to ordinary moral standards in the US as of 2020? Scenario 1 | When I checked out from the hotel I turned in the dirty towels.",Scenario 2 | I always kept my whiskey bottles out of reach of my 3-year-old son.,
formal_logic,Select the best translation into predicate logic. Alexis is greeted by Ben. (a: Alexis; b: Ben; Gxy: x greets y),Gab,~Gba,aGb,Gba,3,D,test,Select the best translation into predicate logic. Alexis is greeted by Ben.,(a: Alexis; b: Ben; Gxy: x greets y),
college_mathematics,Statement 1 | Suppose {s_n} and {t_n} are sequences of complex numbers such that lim_n→∞ s_n = s and lim_n→∞ tn = t. lim_n→∞ s_nt_n = st. Statement 2 | There exists a bounded sequence of real numbers with no convergent subsequence.,"True, True","True, False","False, True","False, False",1,B,test,Statement 1 | Suppose {s_n} and {t_n} are sequences of complex numbers such that lim_n→∞ s_n = s and lim_n→∞ tn = t. lim_n→∞ s_nt_n = st.,Statement 2 | There exists a bounded sequence of real numbers with no convergent subsequence.,
miscellaneous,Which of these is not a style of shoe?,gingham,brogan,espadrille,docksider,0,A,test,Which of these is not,a style of shoe?,
elementary_mathematics,"A survey of 1000 registered voters revealed that 450 people would vote for candidate A in an upcoming election. If 220,000 people vote in the election, how many votes would the survey takers predict candidate A should receive?","44,500","48,900","95,000","99,000",3,D,test,A survey of 1000 registered voters revealed that 450 people would vote for candidate A in an upcoming election.,"If 220,000 people vote in the election, how many votes would the survey takers predict candidate A should receive?",
high_school_psychology,The contingency model explains classical conditioning from which of the following perspectives?,behavioral,psychoanalytic,cognitive,humanistic,2,C,test,The contingency model explains classical conditioning from,which of the following perspectives?,
miscellaneous,"Which movie popularized the phrase ""You talkin' to me?""",Ghost Busters,Taxi Driver,Joker,Groundhog Day,1,B,test,Which movie popularized the phrase,"""You talkin' to me?""",
high_school_psychology,The left cerebral hemisphere is specialized for which of the following functions?,"verbal, mathematical, and recognizing emotional expressions","mathematical, spatial, and musical","verbal, analytic, and mathematical","mathematical, spatial, and analytic",2,C,test,The left cerebral hemisphere is specialized for,which of the following functions?,
high_school_world_history,"This question refers to the following information.
Whether the question be to continue or to discontinue the practice of sati, the decision is equally surrounded by an awful responsibility. To consent to the consignment year after year of hundreds of innocent victims to a cruel and untimely end, when the power exists of preventing it, is a predicament which no conscience can contemplate without horror. But, on the other hand, to put to hazard by a contrary course the very safety of the British Empire in India is an alternative which itself may be considered a still greater evil. When we had powerful neighbours and greater reason to doubt our own security, expediency might recommend a more cautious proceeding, but now that we are supreme my opinion is decidedly in favour of an open and general prohibition.
William Bentinck, Govenor-General of India, ""On the Suppression of Sati,"" 1829
I have made it my study to examine the nature and character of the Indians [who trade with us], and however repugnant it may be to our feelings, I am convinced they must be ruled with a rod of iron, to bring and keep them in a proper state of subordination, and the most certain way to effect this is by letting them feel their dependence on [the foodstuffs and manufactured goods we sell them].
George Simpson, Head of Northern Department, Hudson's Bay Company, 1826
The authors of both passages served institutions associated with which of the following colonial techniques commonly used by Western imperial powers?",Direct rule by the crown,Complete privatization of colonial authority,Martial law enforced by sizable armies,The chartering of companies to assume costs and share profits,3,D,test,"This question refers to the following information. Whether the question be to continue or to discontinue the practice of sati, the decision is equally surrounded by an awful responsibility. To consent to the consignment year after year of hundreds of innocent victims to a cruel and untimely end, when the power exists of preventing it, is a predicament which no conscience can contemplate without horror. But, on the other hand, to put to hazard by a contrary course the very safety of the British Empire in India is an alternative which itself may be considered a still greater evil.","When we had powerful neighbours and greater reason to doubt our own security, expediency might recommend a more cautious proceeding, but now that we are supreme my opinion is decidedly in favour of an open and general prohibition. William Bentinck, Govenor-General of India, ""On the Suppression of Sati,"" 1829
I have made it my study to examine the nature and character of the Indians [who trade with us], and however repugnant it may be to our feelings, I am convinced they must be ruled with a rod of iron, to bring and keep them in a proper state of subordination, and the most certain way to effect this is by letting them feel their dependence on [the foodstuffs and manufactured goods we sell them]. George Simpson, Head of Northern Department, Hudson's Bay Company, 1826
The authors of both passages served institutions associated with which of the following colonial techniques commonly used by Western imperial powers?",
moral_scenarios,"For which of these two scenarios does the main character (who uses I/me/my) do something clearly morally wrong, according to ordinary moral standards in the US as of 2020? Scenario 1 | When I accidentally walked in on my roommate making love to a girl, I declined to watch. Scenario 2 | I was going to puke, so I leaned closer to my mother-in-law.","Wrong, Wrong","Wrong, Not wrong","Not wrong, Wrong","Not wrong, Not wrong",2,C,validation,"For which of these two scenarios does the main character (who uses I/me/my) do something clearly morally wrong, according to ordinary moral standards in the US as of 2020? Scenario 1 | When I accidentally walked in on my roommate making love to a girl, I declined to watch.","Scenario 2 | I was going to puke, so I leaned closer to my mother-in-law.",
