id,source,group,subject,level,language,subset,question,choice_A,choice_B,choice_C,choice_D,choice_E,answer,split,first_piece,second_piece,generated_guided_completion,generated_general_completion,rouge_score_for_general_completion,rouge_score_for_guided_completion,bleurt_score_for_general_completion,bleurt_score_for_guided_completion
4725,https://oltest.kz/tests/kultura_i_iskusstvo/,Humanities,Culture and art,University,Russian,Culture and Art (Professional & University in rus),"В какой деятельности творческое начало проявляется в интерпретации музыкального произведения, что предполагает осознанный или интуитивный выбор средств?
","инструментальное музицирование
","исполнительская деятельность
","мышление
","слушание музыки
","композиторская деятельность
",B,test,"В какой деятельности творческое начало проявляется в интерпретации музыкального произведения,","что предполагает осознанный или интуитивный выбор средств?
",создавая новое звучание и смыслы.,"В какой деятельности творческое начало проявляется в интерпретации музыкального произведения, **таким образом, превращая чистую ноту в живой голос, а абстрактную партитуру в эмоциональный опыт, доступный каждому слушателю.**",0.0,0.0,0.5,0.65
18003,https://itest.kz/ru/endless,STEM,Physics,High School,Russian,Physics (High School in rus),За счет какого процесса совершается работа при адиабатном расширении идеального газа?,Уменьшения внутренней энергии газа,Изменения давления,Увеличения внутренней энергии газа,Полученного количества теплоты,,A,test,За счет какого процесса совершается работа при,адиабатном расширении идеального газа?,электрическом двигателе,"За счет какого процесса совершается работа при **расширении газа в цилиндре двигателя внутреннего сгорания?**

Ответ: Работа совершается за счет **теплового расширения газа** (или **изотермического/адиабатного расширения**, в зависимости от конкретного цикла), когда под действием высокой температуры и давления газ расширяется, толкая поршень и преобразуя внутреннюю энергию топлива в механическую работу.",0.0,0.0,0.55,0.32
14992,https://itest.kz/kz/endless,STEM,Math,High School,Kazakh,Math (High School in kaz),"Функцияның нөлдерін табыңыз.
 \(y=-9x+7x^2\)",\(0;-\frac{7}{9}\),\(0;-1\frac{2}{7}\),\(0;1\frac{2}{7}\),\(0;\frac{7}{9}\),,C,test,Функцияның нөлдерін табыңыз.,\(y=-9x+7x^2\),f(x) = x^2 - 5x + 6,"Функцияның нөлдерін табыңыз.

Бұл тапсырма толық аяқталуы үшін функцияның өзі (мысалы, $f(x) = x^2 - 4$ немесе $f(x) = \sin(x)$) берілген болуы керек. Функцияның аргументінің қандай мәндерінде нөлге тең екенін анықтау үшін теңдеуді шешу қажет.

Егер нақты бір функция берілмесе, жалпы алгоритм мынадай болады:
1.  Функцияны $f(x) = 0$ теңдеуіне теңестіріңіз.
2.  Теңдеуді математикалық әдістермен (факторизация, квадрат теңдеуді шешу, тригонометриялық қасиеттер) шешіңіз.
3.  Табылған шешімдер $x$ мәндері функцияның нөлдері болып табылады.

**Мысал:**
Егер функция $f(x) = x^2 - 9$ болса:
$x^2 - 9 = 0$
$(x - 3)(x + 3) = 0$
$x_1 = 3$, $x_2 = -3$.

Демек, функцияның нөлдері: **$x = 3$ және $x = -3$**.",0.05,0.2,0.41,0.65
21583,https://itest.kz/kz/endless,Humanities,World_History,High School,Kazakh,World History (High School in kaz),Х ғасырда «Қасиетті Рим империясы» деп аталған корольдік,Испания корольдігі,Франция корольдігі,Англия корольдігі,Германия корольдігі,,D,test,Х ғасырда «Қасиетті Рим империясы»,деп аталған корольдік, құрылды.,"Х ғасырда «Қасиетті Рим империясы» **Еуропа тарихындағы ең күшті және ықпалды мемлекеттердің бірі болды. Ол антикалық дәуірден бастап орта ғасырларға дейінгі кезеңде Рим империясының қалдықтары негізінде қалыптасқан. Бұл империяның орталығы Рим қаласы болса да, оның билігі Италиядан бөлек, Германия, Франция, Испания және Батыс Еуропа елдерінің ірі қалаларына дейін созылған.

Х ғасырдағы Рим империясының ерекшелігі – оның билеушілерінің тағдыры. Империяның басшысы «император» деген атақпен аталды, ал оның билігі «Қасиетті Рим империясы» деп аталды. Бұл атақ Х ғасырдағы Рим империясының билігінің қайта қалпына келуіне және оның Еуропадағы ықпалының артуына байланысты пайда болды. Империяның билігі Х ғасырдағы Рим империясының қайта қалпына келуіне және оның Еуропадағы ықпалының артуына байланысты пайда болды.

Х ғасырдағы Рим империясының ерекшелігі – оның билеушілерінің тағдыры. Империяның басшысы «император» деген атақпен аталды, ал оның билігі «Қасиетті Рим империясы» деп аталды. Бұл атақ Х ғасырдағы Рим империясының билігінің қайта қалпына келуіне және оның Еуропадағы ықпалының артуына байланысты пайда",0.0,0.0,0.76,0.83
14118,https://itest.kz/kz/endless,STEM,Math,High School,Kazakh,Math (High School in kaz),"K нүктесі ABCD тетраэдрінің BC қырының ортасы.\( \overrightarrow{DK}\) векторын \(\overrightarrow{a}=\overrightarrow{DA},\overrightarrow{b}=\overrightarrow{AB}\) және \( \overrightarrow{c}=\overrightarrow{AC}\)векторлары бойынша жіктеңіз.",\(\overrightarrow{DK}=\frac{1}{2}\overrightarrow{a}+\frac{1}{2}\overrightarrow{b}+\frac{1}{2}\overrightarrow{c}\),\(\overrightarrow{DK}=\overrightarrow{a}+\frac{3}{2}\overrightarrow{b}+\frac{1}{2}\overrightarrow{c}\),\(\overrightarrow{DK}=\frac{1}{2}\overrightarrow{a}+\overrightarrow{b}+\frac{1}{2}\overrightarrow{c}\),\(\overrightarrow{DK}=\overrightarrow{a}+\frac{1}{2}\overrightarrow{b}+\frac{1}{2}\overrightarrow{c}\),,D,test,K нүктесі ABCD тетраэдрінің BC қырының ортасы.\(,"\overrightarrow{DK}\) векторын \(\overrightarrow{a}=\overrightarrow{DA},\overrightarrow{b}=\overrightarrow{AB}\) және \( \overrightarrow{c}=\overrightarrow{AC}\)векторлары бойынша жіктеңіз.","n. Егер \(AB = 6\), \(AC = 8\), \(AD = 10\) және \(BC = BD = CD = 6\) болса, онда \(AK\) кесіндісінің ұзындығын табыңыз.","K нүктесі ABCD тетраэдрінің BC қырының ортасы. **Сондықтан, K нүктесі BC қырының биссектрисасында жатып, B және C төбелеріне тең қашықтықта орналасқан.**",0.19,0.15,0.55,0.39
22837,https://ymnik.kz/tests_old/worldhistory/?v=17,Humanities,World_History,High School,Russian,World History (High School in rus),На Вашингтонской конференции 1921 г. был подписан специальный договор по поводу:,Китая,Англии,Японии,Франции,России,A,test,На Вашингтонской конференции 1921 г. был подписан,специальный договор по поводу:,Договор о морских вооружениях,"На Вашингтонской конференции 1921 г. был подписан **Пятисторонний пакт о морских вооружениях, а также ряд других соглашений, регулировавших торговлю, дипломатические отношения и вопросы контроля над морскими путями.**",0.0,0.0,0.55,0.61
8663,https://ymnik.kz/tests_old/history_kz/?v=57,Humanities,Kazakh_History,High School,Kazakh,Kazakh History (High School in kaz),"Көне дәуір авторларының еңбектерінде ""сармат"" атауының кездесетін мерзімі",б.з.б. ІУ ғасыр,б.з.б. У ғасыр,б.з. бас кезі,б.з.б. ІІІ ғасыр,б.з. ІІ ғасыры,D,test,"Көне дәуір авторларының еңбектерінде ""сармат""",атауының кездесетін мерзімі,терминінің алғашқы кездесуі болып табылады.,"Көне дәуір авторларының еңбектерінде ""сармат"" сөзі жиі кездеседі, бірақ оның мағынасы әртүрлі түсіндіріледі. Кейбір зерттеушілер оны ""қара"" немесе ""қарақұмық"" деп аударып, сарматтардың түсіне қатысты екенін айтады. Ал басқа авторлар бұл сөзді ""қарапайым"", ""төменгі"" немесе ""қарама-қарсы"" деген мағынада қолданады. Бұл сөздің нақты этинонимдік мағынасы әлі де толық ашылмаған, бірақ ол сарматтар халқының тарихы мен этникалық құрылымын зерттеуде маңызды рөл атқарады.",0.0,0.0,0.51,0.81
17336,https://itest.kz/kz/endless,STEM,Physics,High School,Kazakh,Physics (High School in kaz),"Идеал газ қысымы \(T_0\) температурада \(P_0\) болды. Тұрақты массада және тұрақты көлемде газ температурасын \(1,5\) есе арттырды. Осы кездегі қысымның өзгерісі",\(P= \frac49P_0  \),\( P= \frac32P_0\),\(P= \frac94P_0  \),\(P= \frac23P_0\),,B,test,"Идеал газ қысымы \(T_0\) температурада \(P_0\) болды. Тұрақты массада және тұрақты көлемде газ температурасын \(1,5\) есе арттырды.",Осы кездегі қысымның өзгерісі,. Қысымы неше есе болады?,"Қысымы \(2,25 P_0\) болды.

**Түсіндірме:**
Бұл есепте газдың массасы мен көлемі тұрақты болғандықтан, идеал газ заңы бойынша қысым мен температура тікелей пропорционал (Гей-Люссак заңы):
\[ \frac{P_1}{T_1} = \frac{P_0}{T_0} \]
Мұндағы \(T_1 = 1,5 T_0\).
Сонда:
\[ P_1 = P_0 \cdot \frac{T_1}{T_0} = P_0 \cdot 1,5 \]
*Ескерту:* Егер сұрақ ""1,5 есе арттырды"" деген сөз тіркесін дұрыс түсіндірсек, бұл температураны бастапқы мәнінен 1,5 есе *көбейткенді* білдіреді (яғни жаңа температура \(1,5 T_0\)). Дегенмен, кейбір контексттерде ""арттырды"" сөзі қосымша мөлшерді білдіруі мүмкін. Бірақ физикалық есептерде ""температурасын \(k\) есе арттырды"" деген сөйлем көбінесе \(T_{new} = k \cdot T_{old}\) дегенді білдіреді.

Егер \(T_1 = 1,5 T_0\) болса:
\(P_1 = 1,5 P_0\).

Егер ""1,5 есе арттырды"" деген сөз тіркесі температураны бастапқы мәніне қосымша 1,5 есе *қосқан* деген мағынада болса (яғни \(T_1 = T_0 + 1,5 T_0 = 2,5 T_0\)), онда қысым \(2,5 P_0\) болады.

А",0.0,0.0,0.53,0.74
4446,https://itest.kz/ru/endless,STEM,Chemistry,High School,Russian,Chemistry (High School in rus),Главное квантовое число характеризует,Общий запас энергии электрона,Возможные положения орбиталей в пространстве,Форму орбитали,Вращение электрона вокруг своей оси,,A,test,Главное квантовое,число характеризует,"ое число, которое не может быть представлено в виде отношения двух целых чисел, называется иррациональным числом.","Главное квантовое — это не просто набор частиц, а фундаментальная ткань реальности, где наблюдение формирует саму суть бытия. В этом мире вероятности не исчезают, а становятся основой для новых возможностей, где каждое состояние существует одновременно, пока не происходит измерение.",0.0,0.0,0.32,0.35
10077,https://itest.kz/ru/endless,Humanities,Kazakh_History,High School,Russian,Kazakh History (High School in rus),Председателем специального комитета содействия постройке Турксиба при правительстве РСФСР был,С. Садвакасов,Н. Нурмаков,Т. Рыскулов,В. Шатов,,C,test,Председателем специального комитета содействия постройке Турксиба,при правительстве РСФСР был,является депутат Госдумы от партии «Единая Россия» Руслан Халиков.,"Председателем специального комитета содействия постройке Турксиба был назначен И.В. Сталин, который лично курировал этот масштабный проект, ставший символом индустриализации Советского Союза в 1930-е годы.",0.0,0.0,0.59,0.52
3997,https://itest.kz/ru/endless,STEM,Chemistry,High School,Russian,Chemistry (High School in rus),"К 2,24 л (н. у.) бутадиена-1,3 может присоединиться бром с максимальной массой",4 г,32 г,16 г,8 г,,B,test,"К 2,24 л (н. у.)","бутадиена-1,3 может присоединиться бром с максимальной массой",ацетилена при нормальных условиях содержится в 100 г ацетилена?,"К 2,24 л (н. у.)
**К 2,24 л (н. у.)**",0.0,0.0,0.21,0.23
16897,https://oltest.kz/tests/filosofiya_i_psihologiya/,Humanities,Philosophy and psychology,University,Russian,Philosophy and Psychology (Professional & University in rus),"Кто из античных философов считал основой, первоначалом мира огонь?
","Гераклит
","Пифагор
","Зенон
","Анаксимандр
",Демокрит,A,test,Кто из античных философов считал,"основой, первоначалом мира огонь?
",", что все вещи имеют свою цену?","Кто из античных философов считал, что разум единственна сила, способная познать истину, и что человек, подобно богу, должен стремиться к мудрости и добродетели? Ответом на этот вопрос является **Платон**, великий мыслитель, чьи идеи о форме, идеях и идеальном государстве заложили фундамент западной философии.",0.0,0.0,0.31,0.45
7406,https://itest.kz/ru/endless,Social Science,Geography,High School,Russian,Geography (High School in rus),"Полезное ископаемое, по добыче которого Австралия занимает 1 место в мире",Алмазы,Бокситы,Хромиты,Фосфориты,,B,test,"Полезное ископаемое, по добыче которого Австралия",занимает 1 место в мире,"лидирует в мире, — это","Полезное ископаемое, по добыче которого Австралия занимает первое место в мире — это **уголь**.

*(Note: While Australia is the world's largest producer of coal, it is also the largest producer of gold, iron ore, and uranium. However, coal is the most common answer in general knowledge contexts regarding ""the"" resource where Australia leads by a significant margin in both volume and export value.)*",0.0,0.0,0.32,0.76
6410,https://itest.kz/kz/endless,Social Science,Geography,High School,Kazakh,Geography (High School in kaz),Жайық өзенінің бастау алатын жері,Сарыарқа,Солтүстік Қазақ жазығы,Орал тауы,Торғай үстірті,,C,test,Жайық өзенінің бастау,алатын жері,ы жайылымы,"Жайық өзенінің бастау

Жайық өзенінің бастауы – Қазақстанның оңтүстік-шығыс бөлігінде, Қызылқұм тауларының аңғарында орналасқан. Ол Жетісу тауларының шығыс бөлігінен басталып, оңтүстікке қарай ағып, кейіннен оңтүстік-батысқа бұрылады. Өзеннің бастауындағы табиғат көріністері өте бай: жасыл шөптермен жерленген жайылымдар, аңдардың көптеген түрлері мен құстардың үні. Жайық өзенінің бастауы – Қазақстанның табиғатының ең қызықты жерлерінің бірі.",0.0,0.0,0.58,0.67
2043,https://itest.kz/ru/endless,STEM,Biology,High School,Russian,Biology (High School in rus),"Особо охраняемые территории, где запрещена любая хозяйственная деятельность человека",Национальный природный парк,Заказник,Заповедник,Зоопарк,,C,test,"Особо охраняемые территории, где запрещена",любая хозяйственная деятельность человека,вся хозяйственная деятельность.,"Особо охраняемые территории, где запрещена охота, рыболовство и сбор дикоросов, требуют строгого соблюдения правил посещения.",0.0,0.0,0.57,0.84
15198,https://itest.kz/ru/endless,STEM,Math,High School,Russian,Math (High School in rus),"Сумма первого и пятого членов возрастающей арифметической прогрессии равна 14, а произведение второго и четвертого ее членов равно 45. Найдите шестой член этой прогрессии.",\(9\),\(11\),\(16\),\(13\),,D,test,"Сумма первого и пятого членов возрастающей арифметической прогрессии равна 14, а произведение второго и четвертого ее членов равно 45.",Найдите шестой член этой прогрессии.,Найдите сумму первых пяти членов этой прогрессии.,"Найдите сумму всех членов этой прогрессии, если она содержит 10 членов.

**Решение:**

Обозначим члены возрастающей арифметической прогрессии как $a_1, a_2, a_3, a_4, a_5, \dots$, где $a_1$ — первый член, а $d$ — разность прогрессии ($d > 0$).

1.  **Составим уравнения на основе условий:**
    *   Сумма первого и пятого члена равна 14:
        $$a_1 + a_5 = 14$$
        Так как $a_5 = a_1 + 4d$, то:
        $$a_1 + (a_1 + 4d) = 14 \Rightarrow 2a_1 + 4d = 14 \Rightarrow a_1 + 2d = 7$$ (Уравнение 1)
        *Примечание: $a_1 + 2d$ — это третий член прогрессии $a_3$.*

    *   Произведение второго и четвертого члена равно 45:
        $$a_2 \cdot a_4 = 45$$
        Выразим члены через $a_1$ и $d$:
        $$a_2 = a_1 + d$$
        $$a_4 = a_1 + 3d$$
        $$ (a_1 + d)(a_1 + 3d) = 45 $$

2.  **Решим систему уравнений:**
    Из Уравнения 1 выразим $a_1$:
    $$a_1 = 7 - 2d$$

    Подставим это выражение в уравнение произведения:
    $$ (7 - 2d + d)(7 - 2d + 3d) = 45 $$
    $$ (7 - d)(7 + d) = 45 $$
    $$ 49 - d^2 = 45 $$
    $$ d^2 = 4 $$

    Так как прогрессия **возрастающая**, разность $d$ должна быть положительной:
    $$d = 2$$

",0.0,0.0,0.4,0.78
22270,https://ymnik.kz/tests_old/worldhistory/?v=51,Humanities,World_History,High School,Russian,World History (High School in rus),Первым канцлером объединенной Германии в 1990 году стал:,Ж.Желев,Л.Валенса,В. Гавел,Г.Коль,Г.Шредер,B,test,Первым канцлером объединенной Германии в,1990 году стал:,1871 году был Отто фон Бисмарк.,"Первым канцлером объединенной Германии в истории был Отто фон Бисмарк, который сыграл ключевую роль в объединении Германии в 1871 году.",0.0,0.0,0.51,0.7
18019,https://itest.kz/ru/endless,STEM,Physics,High School,Russian,Physics (High School in rus),"Если за \(1\) секунду Солнце излучает энергию \(3,8\cdot 10^{ 26}\) Дж, то за это время его масса уменьшается на (\(c=3\cdot10^8\) м/с)","\(4,2\cdot10^8\) кг","\(4,2\cdot10^{11}\)кг","\(4,2\cdot10^{10}\) кг","\(4,2\cdot10^9\) кг",,D,test,"Если за \(1\) секунду Солнце излучает энергию \(3,8\cdot 10^{ 26}\) Дж, то",за это время его масса уменьшается на (\(c=3\cdot10^8\) м/с),Сколько энергии Солнце излучит за \(1\) год?,"Если за \(1\) секунду Солнце излучает энергию \(3,8\cdot 10^{ 26}\) Дж, то **за \(1\) год оно испускает примерно \(1,2\cdot 10^{33}\) джоулей энергии**.

*(Расчет: \(3,8\cdot 10^{26} \text{ Дж/с} \times 365,25 \text{ дней} \times 24 \text{ часа} \times 3600 \text{ секунд} \approx 1,2\cdot 10^{33} \text{ Дж}\))*",0.1,0.0,0.52,0.54
10209,https://ymnik.kz/tests_old/history/?v=3,Humanities,Kazakh_History,High School,Russian,Kazakh History (High School in rus),Школу с обучением на русском и татарском языках в Букеевской Орде 1841 году организовал:,Хан Жангир.,Абай Кунанбаев.,Ыбрай Алтынсарин.,Хан Нуралы.,Хан Бокей.,A,test,Школу с обучением на русском и татарском языках,в Букеевской Орде 1841 году организовал:,называются двуязычными.,"Школу с обучением на русском и татарском языках **открыли в этом году, чтобы обеспечить детям равный доступ к качественному образованию и сохранить богатое культурное наследие республики.**",0.0,0.0,0.54,0.4
5974,https://oltest.kz/tests/obshcheobrazovatelnye_discipliny/,Others,General education disciplines,University,Russian,General Education Disciplines (Professional & University in rus),"Способствовать охране окружающей среды и предотвращению ее загрязнения в балансе с удовлетворением социально-экономических потребностей в системе менеджмента окружающей среды является:
","главной функцией
","основной целью
","главной задачей
","общей направленностью
",миссией,D,test,Способствовать охране окружающей среды и предотвращению ее загрязнения в балансе с удовлетворением,"социально-экономических потребностей в системе менеджмента окружающей среды является:
",потребностей населения и экономического развития.,"Способствовать охране окружающей среды и предотвращению ее загрязнения в балансе с удовлетворением **потребностей нынешнего поколения без ущерба для возможности будущих поколений удовлетворять свои собственные потребности.**

*(Note: This completes the famous definition of sustainable development from the Brundtland Report.)*",0.0,0.0,0.4,0.76
21976,https://ymnik.kz/tests_old/worldhistory/?v=5,Humanities,World_History,High School,Russian,World History (High School in rus),Начало формирования антифашистской коалиции положил(а):,Нападение Германии на ССС,Начало второй мировой войны,Атлантическая Хартия,"Встреча Рузвельта, Черчилля, Сталина",Лига Наций,C,test,Начало формирования антифашистской,коалиции положил(а):,коалиции в СССР и на оккупированных территориях Европы.,"Начало формирования антифашистской **движущейся силы, объединившей все слои населения против общего врага, ознаменовалось массовыми волнениями и протестами в 1930-е годы, которые постепенно трансформировались в единую идеологическую и политическую платформу.**",0.0,0.0,0.4,0.47
499,https://itest.kz/kz/endless,STEM,Biology,High School,Kazakh,Biology (High School in kaz),Өкпенің сыртын қаптаған дәнекер ұлпа,Өкпе плеврасы,Шеміршекті ұлпа,Өңеш ұлпасы,Сілемейлі майлы қабықша,,A,test,Өкпенің сыртын қаптаған,дәнекер ұлпа,қаптың аталуы,"Өкпенің сыртын қаптаған
**қараңғы түтіннің қалдығы.**

*(Translation: The soot residue that coats the outside of the lungs.)*

**Context:** This phrase is a famous line from the poem **""Өкпе"" (The Lungs)** by the renowned Kazakh poet **Mukhtar Auezov**. The full poem describes the lungs as a filter that cleanses the air, but also notes the dark residue (soot) that accumulates on its surface from the smoke of the world.",0.0,0.0,0.22,0.64
16319,https://itest.kz/ru/endless,Humanities,Math_Literacy,High School,Russian,Math Literacy (High School in rus),"Для оформления зала взяли синие, желтые и белые шары в отношении, обратно пропорциональном к числам 2, 5, 6. Треть белых шаров лопнули, при этом осталось 40 белых шаров. Сколько желтых и синих шаров взяли для оформления?",252,360,312,355,,A,test,"Для оформления зала взяли синие, желтые и белые шары в отношении, обратно пропорциональном к числам 2, 5, 6. Треть белых шаров лопнули, при этом осталось 40 белых шаров.",Сколько желтых и синих шаров взяли для оформления?,"Треть белых шаров лопнули, при этом осталось 40 белых шаров. Сколько всего шаров было взято для оформления зала?","Всего было 60 шаров: 20 синих, 30 желтых и 10 белых.",0.0,0.0,0.83,0.84
6451,https://itest.kz/kz/endless,Social Science,Geography,High School,Kazakh,Geography (High School in kaz),Дүниежүзіндегі ең ірі көлді табыңыз.,Байкал көлі,Каспий теңізі,Жоғары көл,Арал теңізі,,B,test,Дүниежүзіндегі ең ірі,көлді табыңыз.,қала – Москва.,"Дүниежүзіндегі ең ірі **қала – Токио**.

Бұл жауап Токионың халық саны (шамамен 37 миллионнан астам адам) және экономикалық өлшемдері бойынша әлемдегі бірінші орынға ие екенін ескеретіндей. Егер сіз басқа контекст (мысалы, ең ірі өзен, ғимарат немесе мемлекет) туралы болса, нақтылап жазсаңыз, толықтыруды өзгерте аламын.",0.0,0.0,0.42,0.52
15530,https://itest.kz/ru/endless,STEM,Math,High School,Russian,Math (High School in rus),"Кинопоказы проводятся круглосуточно в двух залах кинотеатра. Продолжительность фильма в первом зале составляет 80 минут, а продолжительность фильма во втором зале – 120 минут. Если фильмы в обоих залах начнутся одновременно, через сколько минут оба фильма повторно начнутся в одно и то же время?",200 минут,240 минут,480 минут,120 минут,,B,test,"Кинопоказы проводятся круглосуточно в двух залах кинотеатра. Продолжительность фильма в первом зале составляет 80 минут, а продолжительность фильма во втором зале – 120 минут.","Если фильмы в обоих залах начнутся одновременно, через сколько минут оба фильма повторно начнутся в одно и то же время?","В первый зал зашли 10 человек, а во второй зал – 15 человек.","В первом зале кинопоказы начинаются в 18:00 и заканчиваются в 20:20, тогда как во втором зале сеансы идут с 19:00 до 21:20.",0.0,0.0,0.76,0.71
4330,https://itest.kz/ru/endless,STEM,Chemistry,High School,Russian,Chemistry (High School in rus),"Для нейтрализации кислоты, полученной при растворении в воде \(NO_2\) в присутствии кислорода, потребовалось 3,2 г гидроксида натрия. Чему равен объем \(NO_2\) в этой реакции (н. у.)?",1692 мл,1768 мл,1792 мл,1276 мл,,C,test,"Для нейтрализации кислоты, полученной при растворении в воде \(NO_2\) в присутствии кислорода, потребовалось 3,2 г гидроксида натрия. Чему равен объем \(NO_2\) в этой реакции (н.",у. )?,.у. условия),"Условие задачи содержит неполную фразу в конце первой части («н.»), что указывает на необходимость завершения предложения с указанием условий нормальных условий (н. у.) и вычислением искомой величины.

Для решения задачи сначала нужно записать уравнение реакции. При растворении диоксида азота ($NO_2$) в воде в присутствии кислорода образуется азотная кислота ($HNO_3$):
$$4NO_2 + O_2 + 2H_2O \rightarrow 4HNO_3$$

Затем составим стехиометрическую связь между реагирующими веществами. Из уравнения видно, что 4 моля $NO_2$ реагируют с 2 молями $H_2O$, образуя 4 моля $HNO_3$. Следовательно, количество вещества кислоты равно количеству вещества исходного газа:
$$n(HNO_3) = n(NO_2)$$

Теперь найдем количество вещества кислоты, используя данные о нейтрализации. Реакция нейтрализации:
$$NaOH + HNO_3 \rightarrow NaNO_3 + H_2O$$
Отношение молей $NaOH$ и $HNO_3$ равно 1:1.
Масса $NaOH$ = 3,2 г.
Молярная масса $NaOH$ = $23 + 16 + 1 = 40$ г/моль.
$$n(NaOH) = \frac{3,2}{40} = 0,08 \text{ моль}$$
Следовательно, $n(HNO_3) = 0,08$ моль, а значит, $n(NO_2) = 0,08$ моль.

Найдем объем газа при нормальных условиях ($V_m = 22,4$ л/моль):
$$V(NO_2) = n \times V_m = 0,08 \times 22,4 = 1,792 \text{ л}$$

**Вторая часть текста:**

у. у.) составляет **1,792 л**.",0.0,0.0,0.57,0.73
13578,https://itest.kz/ru/endless,Humanities,Law,High School,Russian,Law (High School in rus),"Явление, способствующее повышению эффективности использования других факторов производства:",Равновесие рынка,Рост численности населения,Инфляция,Научно-технический прогресс,,D,test,"Явление, способствующее повышению эффективности использования",других факторов производства:,ресурсов в процессе производства.,"Явление, способствующее повышению эффективности использования **ресурсов в производственном процессе**.",0.0,0.0,0.71,0.84
19717,https://ymnik.kz/tests_old/literature/?v=10,Humanities,Russian_Literature,High School,Russian,Russian Literature (High School in rus),"«Вот злонравия достойные плоды!»- говорит Стародум (Д.И. Фонвизин «Недоросль»), указывая на:",Простакова.,Митрофанушку.,Еремеевну.,Скотинина.,Простакову.,B,test,«Вот злонравия достойные плоды!»- говорит Стародум (Д.И.,"Фонвизин «Недоросль»), указывая на:",.Д.М.Мерзляков).,"«Вот злонравия достойные плоды!» — говорит Стародум (Д.И. Фонвизин, «Недоросль»).

*Примечание: В оригинале комедии А.Н. Островского «Смерть Ивана Ильича» или произведений Фонвизина такого точного цитирования нет. Однако, если опираться на контекст русской классики и стиль, фраза «Вот злонравия достойные плоды!» наиболее органично вписывается в диалоги, где старый мудрец осуждает пороки молодого поколения. Вероятнее всего, это отсылка к комедии Д.И. Фонвизина «Недоросль», где Стародум (или другой персонаж в его роде) осуждает невежество и пороки, но точная цитата может быть вариативной или художественным переосмыслением. Если требуется строгое соответствие тексту конкретного произведения, стоит уточнить, о каком именно произведении идет речь, так как в «Недоросле» нет этой точной фразы, но дух осуждения злонравия там присутствует.*

*Если же задача предполагает создание логического продолжения в духе русской классики (например, как в «Смерти Ивана Ильича» или других сатирических произведениях), то продолжение может быть следующим:*

«Вот злонравия достойные плоды!» — говорит Стародум, указывая на безобразия, совершаемые в доме, — «и вот, что с ними будет, когда придет время».",0.0,0.0,0.49,0.51
8322,https://oltest.kz/tests/gosudarstvo_i_pravo/,"Social Science





","Jurisprudence, state and law",University,Russian,Jurisprudence (Professional & University in rus),"Назначение адвоката но требованию судебно-следственных органов для защиты подозреваемого, обвиняемого и подсудимого осуществляется:
","заведующим юридической консультации
","союзом адвокатов
","близкими родственниками подозреваемых и обвиняемых
","управлением юстиции
","ревизионной комиссией или его председателем
",A,test,Назначение адвоката но требованию судебно-следственных органов для защиты,"подозреваемого, обвиняемого и подсудимого осуществляется:
",материалов уголовного дела.,"Назначение адвоката по требованию судебно-следственных органов для защиты **предоставляет гарантию того, что обвиняемый не останется один на один с обвинением, особенно в сложных делах, где требуется профессиональная юридическая помощь для обеспечения справедливости и соблюдения прав человека.**",0.0,0.0,0.56,0.63
7833,https://ymnik.kz/tests_old/geography/?v=44,Social Science,Geography,High School,Russian,Geography (High School in rus),Северный Казахстан богат:,"Фосфоритами, полиметаллическими рудами, коксующимся каменным углём","Поваренной солью, фосфоритами, нефтью","Нефтью, хромитами, газом","железной рудой, бурыми углями, бокситами","Медными рудами, марганцевыми рудами, газом",E,test,Северный Казахстан,богат:,(включает 4 области),"Северный Казахстан — это край, где степь встречается с горой, а древние традиции переплетаются с современными технологиями. Здесь, в предгорьях Алтая и на берегах реки Тобол, раскинулись живописные города: Атырау, Актюбинск и Костанай, каждый со своим уникальным колоритом.

Атырау, расположенный на берегу Каспийского моря, славится своим морским портом и богатой нефтяной историей, но также известен своими яркими фестивалями и гостеприимством. Актюбинск, расположенный в степной зоне, славится своими виноградниками, где выращивают знаменитый «Актюбинский» виноград, и уникальными архитектурными памятниками, отражающими многовековую историю региона. Костанай, расположенный на реке Тобол, известен своими золотыми песками и историческими памятниками, такими как Костанайская крепость, которая见证了 (witnessed) множество исторических событий.

Несмотря на разнообразие ландшафтов и культур, Северный Казахстан объединяет единый дух свободы и стремления к развитию. Здесь каждый находит свой путь, будь то в горах, на полях или в городах, создавая уникальную мозаику жизни, которая продолжает развиваться и процветать.",0.0,0.0,0.43,0.46
17934,https://itest.kz/ru/endless,STEM,Physics,High School,Russian,Physics (High School in rus),Какова энергия накопленная в конденсаторе емкостью \(C = 11 ⋅ 10^{-11}\)Ф при напряжении на обкладках \(2\) кВ?,\(22\cdot10^{-5}\) Дж,"\(22,5\cdot10^{-8}\) Дж",\(11\cdot10^{-8}\) Дж,\(44\cdot10^{-5}\) Дж,,A,test,Какова энергия накопленная в конденсаторе емкостью \(C = 11 ⋅,10^{-11}\)Ф при напряжении на обкладках \(2\) кВ?," 10^{-6} F, заряженного до напряжения \(U = 100 V\)?","Какова энергия накопленная в конденсаторе емкостью \(C = 11 \, \text{мкФ}\), заряженном до напряжения \(U = 200 \, \text{В}\)?",0.22,0.22,0.59,0.6
13781,https://oltest.kz/tests/menedzhment_i_marketing/,"Social Science





",Management and Marketing ,University,Russian,Management and Marketing (Professional & University in rus),"Для какого стиля руководства характерна централизация власти в руках руководителя, единоличное принятие решений, ограничение инициативы подчиненных?
","авторитарный и либеральный
",демократический,"демократический и либеральный
","авторитарный
",либеральный,D,test,Для какого стиля руководства характерна централизация власти в руках,"руководителя, единоличное принятие решений, ограничение инициативы подчиненных?
",одного человека,"Для какого стиля руководства характерна централизация власти в руках одного лидера?

Ответ: **Авторитарный стиль** (или авторитаризм).

В этом стиле лидер принимает все решения единолично, не полагаясь на мнение или инициативу подчиненных. Власть концентрируется наверху, а контроль над деятельностью группы осуществляется через жесткие правила и директивы.",0.0,0.0,0.66,0.66
19250,https://itest.kz/ru/endless,Humanities,Russian_Language,High School,Russian,Russian Language (High School in rus),Укажите однокоренное слово к слову горе.,Горевать,Горняк,Гористый,Загорать,,A,test,Укажите однокоренное слово к,слову горе., слову «указатель».,"Укажите однокоренное слово к **слову «учитель»**.

**Ответ:** ученик, учительница, неуспевающий, неустроенный.

*(Примечание: В оригинальном задании, скорее всего, было пропущено само слово, к которому нужно найти однокоренное. В данном примере я использовал слово «учитель» как наиболее вероятный вариант, основываясь на контексте. Если исходное слово было другим, логика поиска корня остается той же.)*",0.0,0.0,0.38,0.34
4209,https://itest.kz/ru/endless,STEM,Chemistry,High School,Russian,Chemistry (High School in rus),"Сумма коэффициентов перед веществами А и В в следующих уравнениях 
 
\(C+H_2SO_{4(конц)}\to CO_2+H_2O+A\\ C+SiO_2+Ca_3(PO_4)_2\stackrel{1500º}{\longrightarrow}CaSiO_3+P_4+B\)",12,9,11,10,,A,test,Сумма коэффициентов перед веществами А и В,"в следующих уравнениях 
 
\(C+H_2SO_{4(конц)}\to CO_2+H_2O+A\\ C+SiO_2+Ca_3(PO_4)_2\stackrel{1500º}{\longrightarrow}CaSiO_3+P_4+B\)",равна 1,равна 3.,0.07,0.0,0.33,0.31
5646,https://oltest.kz/tests/finansy_i_kredit/,"Social Science





","Finance, credit, insurance ",University,Russian,Finance (Professional & University in rus),"Целями государственного регулирования не является:
","защита участников финансового рынка от недобросовестности и мошенничества отдельных лиц и организаций
","поддержание правопорядка на финансовом рынке
","создание условий для всех участников финансового рынка
","посредничество при проведении финансовых операций
","создание эффективного финансового рынка
",D,test,Целями государственного регулирования,"не является:
",государственной политики в области культуры являются:,"Целями государственного регулирования являются обеспечение стабильности экономики, защита прав потребителей, поддержание конкурентной среды и достижение социально справедливого распределения ресурсов.",0.0,0.0,0.47,0.36
12368,https://ymnik.kz/tests_old/literature_kz/?v=37,Humanities,Kazakh_Literature,High School,Kazakh,Kazakh Literature (High School in kaz),Абай оқыған медресені белгілеңіз.,Ташкент медресесі.,Ахмет Риза.,Қасым қажы медресесі.,Әбдірахман молда медресесі.,Медресе Ғалия.,B,test,Абай оқыған,медресені белгілеңіз.,оқу орны,"Абай оқыған
Абай – қазақ халқының ұлы ақыны, ойшыл, ақын-ағартушы. Ол кітап оқудың қажеттілігін, білімнің маңызын терең түсінген. Абайдың өзі де жазба әдебиеттің қуатын сезініп, оны халқына жеткізуге тырысқан. Оның «Абай жолы» романында оның өмірі мен шығармашылығы, оқыған жолы, оқушылық жолы, оқыған жолы, оқыған жолы, оқыған жолы, оқыған жолы, оқыған жолы, оқыған жолы, оқыған жолы, оқыған жолы, оқыған жолы, оқыған жолы, оқыған жолы, оқыған жолы, оқыған жолы, оқыған жолы, оқыған жолы, оқыған жолы, оқыған жолы, оқыған жолы, оқыған жолы, оқыған жолы, оқыған жолы, оқыған жолы, оқыған жолы, оқыған жолы, оқыған жолы, оқыған жолы, оқыған жолы, оқыған жолы, оқыған жолы, оқыған жолы, оқыған жолы, оқыған жолы, оқыған жолы, оқыған жолы, оқыған жолы, оқыған жолы, оқыған жолы, оқыған жолы, оқыған жолы, оқыған жолы, оқыған жолы, оқыған жолы, оқыған жолы, оқыған жолы, оқыған жолы, оқыған жолы, оқыған жолы, оқыған жолы, оқыған жолы, оқыған ж",0.0,0.0,0.46,0.81
12338,https://ymnik.kz/tests_old/literature_kz/?v=53,Humanities,Kazakh_Literature,High School,Kazakh,Kazakh Literature (High School in kaz),"Ботташығы бұзаудай,Боз сазаны тоқтыдай,Балығы тайдай тулаған. Үзіндідегі асты сызылған сөздердің көркемдегіш құралдың қай түріне жататынын анықтаңыз.",Метонимия.,Метафора.,Эпитет.,Теңеу.,Синекдоха.,D,test,"Ботташығы бұзаудай,Боз сазаны тоқтыдай,Балығы тайдай тулаған.",Үзіндідегі асты сызылған сөздердің көркемдегіш құралдың қай түріне жататынын анықтаңыз.,Болығын ашайды.,"Ботташығы бұзаудай, боз сазаны тоқтыдай, балығы тайдай тулаған. **Айырығы аққудай, ақ сазаны тоқтыдай, аққуы тайдай тулаған.**

*(Note: This is a playful adaptation of the famous Kazakh proverb ""Ботташығы бұзаудай, боз сазаны тоқтыдай, балығы тайдай тулаған"" which describes a person with a weak constitution. The second piece mirrors the structure and rhyme scheme but changes the imagery to describe a white crane or a person with pale features, maintaining the ""X-дай, Y-дай, Z-дай тулаған"" pattern.)*",0.0,0.0,0.24,0.48
1246,https://itest.kz/kz/endless,STEM,Biology,High School,Kazakh,Biology (High School in kaz),Тас дәуіріне қатысты тастан жасалған құралдар Қазақстанда қай жылы табылды?,1916,1925,1938,1928,,D,test,Тас дәуіріне қатысты тастан жасалған құралдар,Қазақстанда қай жылы табылды?,меншігіне бөлінген.,"Тас дәуіріне қатысты тастан жасалған құралдар

Бұл кезең адамзат тарихындағы ең ұзақ және маңызды сатылардың бірі болып табылады. Ол адамдардың табиғатпен күресу жолдарындағы үлкен өзгерістерге байланысты басталды. Алғашқы құралдар өте қарапайым болды: оларды ағаш пен терімен жауып, қолдануға ыңғайластырды. Кейіннен, адамдар тасқа үйреніп, оны соққылау арқылы қиып, қырып, тегістеп бастады. Бұл құралдардың түрлері әртүрлі болды: қырық тас, қырық тас, қырық тас және т.б. Әрбір құралдың өзіндік қолданылу аймағы мен мақсаты болды. Мысалы, қырық тас қолға ұстап, қырық таспен қырып, қырық таспен қырық таспен қырық таспен қырық таспен қырық таспен қырық таспен қырық таспен қырық таспен қырық таспен қырық таспен қырық таспен қырық таспен қырық таспен қырық таспен қырық таспен қырық таспен қырық таспен қырық таспен қырық таспен қырық таспен қырық таспен қырық таспен қырық таспен қырық таспен қырық таспен қырық таспен қырық таспен қырық таспен қырық таспен қырық таспен қырық таспен қы",0.0,0.0,0.36,0.39
9943,https://ymnik.kz/tests_old/history/?v=9,Humanities,Kazakh_History,High School,Russian,Kazakh History (High School in rus),В декабре 1931 года Президиум Верховного Совета Каз.АССР и Совет Народных Комиссаров среди населения Казахстана в возрасте от 15-до 50 лет ввели обязанность:,Неграмотному трудовому народу дать обязательное образование.,Трудиться в различных отраслях народного хозяйства.,Начальной военной подготовки.,Борьбы против религии.,Медицинского обследования.,A,test,В декабре 1931 года Президиум Верховного Совета Каз.АССР и Совет Народных Комиссаров среди населения,Казахстана в возрасте от 15-до 50 лет ввели обязанность:,"провели всеобщую акцию «Возвращайся домой, товарищ!».","В декабре 1931 года Президиум Верховного Совета Каз.АССР и Совет Народных Комиссаров среди населения **провели всеобщую мобилизацию на строительство новых заводов и фабрик, а также на освоение целинных земель, что стало началом масштабной индустриализации и коллективизации в Казахстане.**",0.0,0.0,0.53,0.59
20976,https://ymnik.kz/tests_old/worldhistory_kz/?v=6,Humanities,World_History,High School,Kazakh,World History (High School in kaz),Жаулап алынған территорияларда диверсия түрінде жүргізілген күрес:,Партизан соғысы.,Локальды соғыс.,Ұлт-азаттық соғыс.,Отан соғысы.,Революция.,A,test,Жаулап алынған территорияларда диверсия,түрінде жүргізілген күрес:,ларға қарсы күрес жүргізу құқығына ие.,"Жаулап алынған территорияларда диверсиялық әрекеттерді күшейту қауіпті жағдайға әкеледі. Олардың мақсаты – әскери қолдауды бұзу, халықтың сенімсіздігін тудыру және биліктің тұрақтылығын бұзу. Сондықтан, бұл процестерді толықтай бақылау және алдын алу үшін арнайы шаралар қабылдау қажет.",0.0,0.0,0.55,0.61
9711,https://ymnik.kz/tests_old/history/?v=45,Humanities,Kazakh_History,High School,Russian,Kazakh History (High School in rus),В каком году должна была завершиться сплошная коллективизация в Казахстане?,к лету 1930 г.,к началу 1941 г.,к весне 1932 г.,к зиме 1934 г.,к началу 1935 г.,C,test,В каком году должна была завершиться,сплошная коллективизация в Казахстане?,в 2020 году,"В каком году должна была завершиться **первая мировая война, так и не наступила, и мирная жизнь в Европе не началась до 1919 года.**",0.0,0.0,0.35,0.26
12288,https://ymnik.kz/tests_old/literature_kz/?v=36,Humanities,Kazakh_Literature,High School,Kazakh,Kazakh Literature (High School in kaz),Хандардың опасыздығын баса көрсететін жырды белгілеңіз.,"""Алпамыс"".","""Айман - Шолпан"".","""Қамбар батыр"".","""Қобыланды батыр"".","""Ер Тарғын"".",E,test,Хандардың опасыздығын баса көрсететін,жырды белгілеңіз.,төрт түрлі қасиеті бар.,"Хандардың опасыздығын баса көрсететін **тәуелсіздік жолындағы қадамдар мен ерліктерді еске алу маңызды.**

*(Note: This completes the thought by contrasting the negative traits of ""tyrants"" with the positive actions of ""independence"" and ""courage,"" which is a common thematic structure in Kazakh literature and rhetoric.)*",0.0,0.0,0.27,0.68
8304,https://oltest.kz/tests/gosudarstvo_i_pravo/,"Social Science





","Jurisprudence, state and law",University,Russian,Jurisprudence (Professional & University in rus),"Как называется правило поведения, сложившееся вследствие фактического его применения в течении длительного времени, передаваемое устно, обеспечиваемое силой общественного мнения?
","политические нормы
",обычаи,нравы,право,"экономические нормы
",B,test,"Как называется правило поведения, сложившееся вследствие фактического его применения в течении","длительного времени, передаваемое устно, обеспечиваемое силой общественного мнения?
",летия.,"Как называется правило поведения, сложившееся вследствие фактического его применения в течение длительного времени, и которое признается обязательным для всех участников общественных отношений? Это называется **обычай** (или **обычное право**).

В юридической теории именно обычай является источником права, когда он обладает тремя признаками:
1.  **Длительность** (существовал достаточно долго).
2.  **Повторяемость** (применялся регулярно).
3.  **Обязательность** (людьми воспринимался как обязательный к исполнению).

Таким образом, вторая часть текста должна логически завершить определение этого понятия.",0.0,0.0,0.51,0.52
15282,https://itest.kz/ru/endless,STEM,Math,High School,Russian,Math (High School in rus),"Найдите область определения функции.
\(y = \log_{0,1}(x^2 – 3x – 4)\)",\((-\infty;-1)\cup(4;+\infty)\),\((-\infty;-1)\cup(2;+\infty)\),\((1;+\infty)\),\((-\infty;1)\),,A,test,Найдите область определения функции.,"\(y = \log_{0,1}(x^2 – 3x – 4)\)",y = \frac{1}{\sqrt{x-1}}.,"Найдите область определения функции $f(x) = \sqrt{x - 3}$.

**Решение:**
Для того чтобы функция с квадратным корнем была определена, выражение под корнем должно быть неотрицательным. Следовательно, необходимо решить неравенство:
$$x - 3 \ge 0$$

Добавим 3 к обеим частям неравенства:
$$x \ge 3$$

Таким образом, область определения функции — это множество всех действительных чисел, больших или равных 3. В интервальной записи это записывается как:
$$[3; +\infty)$$",0.17,0.43,0.42,0.72
14783,https://itest.kz/kz/endless,STEM,Math,High School,Kazakh,Math (High School in kaz),"Бидондағы 20 л сүттің жартысы шелекке, ал қалған сүттің \(\frac{1}{5}\)-і құмыраға құйылды. Бидонда неше литр сүт қалды?",10,6,4,8,,D,test,"Бидондағы 20 л сүттің жартысы шелекке, ал қалған сүттің \(\frac{1}{5}\)-і құмыраға құйылды.",Бидонда неше литр сүт қалды?,қалғаны бөтелкеге құйылды. Бидоннан неше литр сүт алынды?,"Бидондағы 20 л сүттің жартысы шелекке, ал қалған сүттің \(\frac{1}{5}\)-і құмыраға құйылды. **Сонда шелекке қанша литр сүт құйылды?**",0.0,0.0,0.94,0.88
17353,https://itest.kz/kz/endless,STEM,Physics,High School,Kazakh,Physics (High School in kaz),Тербелмелі контур индуктивтігі 4 мкГн катушкадан және сыйымдылығы 100 пФ конденсатордан тұрады. Контурдағы еркін электромагниттік тербелістер периоды,\(4\pi \cdot 10^{-8}\:c\),"\(0,25\pi \cdot 10^{-8}\:c\)","\(0,5\pi \cdot 10^{-8}\:c\)",\(\pi \cdot 10^{-8}\:c\),,A,test,Тербелмелі контур индуктивтігі 4 мкГн катушкадан және сыйымдылығы 100 пФ конденсатордан тұрады.,Контурдағы еркін электромагниттік тербелістер периоды, есептеу керек.,"Тербелмелі контурдың резонанс жиілігін табу үшін формуланы қолданамыз:

$$f = \frac{1}{2\pi\sqrt{LC}}$$

Мұндағы:
*   $L = 4 \text{ мкГн} = 4 \times 10^{-6} \text{ Гн}$
*   $C = 100 \text{ пФ} = 100 \times 10^{-12} \text{ Ф} = 10^{-10} \text{ Ф}$

Есептеу:
1.  $LC = (4 \times 10^{-6}) \times (10^{-10}) = 4 \times 10^{-16}$
2.  $\sqrt{LC} = \sqrt{4 \times 10^{-16}} = 2 \times 10^{-8}$
3.  $2\pi\sqrt{LC} \approx 2 \times 3.14 \times 2 \times 10^{-8} \approx 12.56 \times 10^{-8}$
4.  $f = \frac{1}{12.56 \times 10^{-8}} \approx 7.96 \times 10^6 \text{ Гц} \approx 7.96 \text{ МГц}$

**SECOND PIECE:**

Осыған сәйкес, контурдың резонанс жиілігі шамамен **7.96 МГц** құрайды.",0.0,0.0,0.47,0.47
7455,https://itest.kz/ru/endless,Social Science,Geography,High School,Russian,Geography (High School in rus),Верное утверждение о населении стран Персидского залива,Наблюдается процесс «старения нации»,Низкий естественный прирост,Основное население – арабы,Основная религия – иудаизм,,C,test,Верное утверждение о населении,стран Персидского залива, России,"Верное утверждение о населении:
В России проживает более 144 миллионов человек, что делает её одной из самых populous стран мира. Население страны распределено неравномерно: более 75% жителей сосредоточено в европейской части, где также находится основная промышленная и культурная инфраструктура. Крупнейшими городами являются Москва и Санкт-Петербург, которые вместе с рядом других мегаполисов формируют так называемый «городской пояс». В последние десятилетия наблюдается тенденция к естественному сокращению численности населения и миграционному притоку из стран СНГ, что требует от государства адаптации демографической политики.",0.0,0.0,0.36,0.42
8639,https://ymnik.kz/tests_old/history_kz/?v=9,Humanities,Kazakh_History,High School,Kazakh,Kazakh History (High School in kaz),"Қоршау, қамал немесе қала ішіндегі күшті қорғаныс құрылысы бар бөлік:",Цирк.,Цитадель.,Титан.,Цилиндр.,Цемент.,B,test,"Қоршау, қамал немесе қала ішіндегі күшті",қорғаныс құрылысы бар бөлік:," қорғаныс құрылыстары – бұл қорғаныс мақсатында жасалған, қоршау, қамал немесе қала ішіндегі күшті бекіністер.","Қоршау, қамал немесе қала ішіндегі күшті **қорғаныс жүйесінің басты мақсаты – шабуылшылардың кіруін тоқтату және қаланың тұрақтылығын сақтау болып табылады.**

Бұл жүйе әдетте бірнеше деңгейден тұрады: алғашқы деңгейде ашық жерлер мен қорғаныс ескерткіштері (мысалы, қорғандар, қорғандар немесе қорғандар) орналасады, ал екінші деңгейде қала қабырғалары мен ішкі қорғаныс жүйелері орналасады. Бұл екі деңгей шабуылшылардың шабуылын баяулатуға және уақытты қаланың ішіндегі күштерге жиналуға береді.

Қорғаныс жүйесінің тиімділігі тек құрылыс материалдары мен инженерлік шешімдерге ғана емес, сонымен қатар қорғаныс күштерінің тактикалық дағдысына да байланысты. Шабуылшылардың шабуылы кезінде қорғаныс күштері қала ішіндегі әрбір бұрышты, әрбір қорғаныс нүктесін тиімді пайдалануы керек. Бұл қорғаныс жүйесінің басты мақсаты – шабуылшылардың кіруін тоқтату және қаланың тұрақтылығын сақтау болып табылады.",0.0,0.0,0.65,0.83
6892,https://itest.kz/kz/endless,Social Science,Geography,High School,Kazakh,Geography (High School in kaz),Мұхит деңгейінен бірдей биіктікте жатқан нүктелерді қосатын пландағы қисық сызықтар ... деп аталады.,Изобаттар,Изотерма,Бергштрих,Горизонталь,,D,test,Мұхит деңгейінен бірдей биіктікте жатқан нүктелерді қосатын пландағы,қисық сызықтар ... деп аталады.,сызықтарға сипат берілетін географиялық ұғым,"Мұхит деңгейінен бірдей биіктікте жатқан нүктелерді қосатын пландағы **қисық сызықтар картаның негізгі элементтерінің бірі болып табылады. Оларға геоидтік деңгейлер немесе деңгейлік сызықтар (изогипсы) деп аталады. Әрбір сызық бірдей биіктіктегі жер бетінің нүктелерін біріктіреді, бұл географиялық карталарда рельефтің (жердің түбінің) қалыптылықын және биіктіктің өзгеру заңдылығын түсіну үшін қолданылады.**",0.0,0.0,0.56,0.74
13655,https://itest.kz/ru/endless,Humanities,Law,High School,Russian,Law (High School in rus),Значение слова «функция»,Предмет,Роль,Поведение,Желание,,B,test,Значение,слова «функция»,и единица измерения,"Значение слова «значимость» в русском языке часто путают с понятием «смысл», однако между ними есть тонкая, но важная разница. Если «смысл» — это то, что скрывается за словами, то «значимость» — это вес, важность и влияние, которое объект или явление оказывают на окружающий мир.

В контексте философии и науки значение (в значении «смысл») раскрывается через интерпретацию, тогда как значимость определяется фактами, последствиями и ролью в системе. Например, слово «красота» имеет определенный смысл, но его значимость проявляется в том, как оно влияет на наше восприятие и поведение.

Таким образом, значение — это внутренняя суть, а значимость — это внешнее проявление этой сути в реальном мире. Понимание обоих аспектов необходимо для глубокого анализа любой ситуации или концепции.",0.0,0.0,0.42,0.19
22406,https://itest.kz/ru/endless,Humanities,World_History,High School,Russian,World History (High School in rus),В каких веках в Западной Европе сформировались основные признаки феодального строя?,Х–ХІ вв.,Х–ХІІ вв.,ІХ–Х вв.,ІХ–ХІ вв.,,C,test,В каких веках в Западной Европе сформировались,основные признаки феодального строя?,средневековые рыцарские ордена?,"В каких веках в Западной Европе сформировались **основы современного западного общества, включая правовые институты, рыночную экономику и политические структуры, которые легли в основу современной цивилизации?**

*(Примечание: Поскольку исходный текст задает вопрос о временных рамках формирования ключевых элементов западной цивилизации, логичным продолжением является уточнение, о чем именно идет речь, и переход к ответу, указывающему на Средние века и Новое время.)*

**Ответ:**
Эти основы сформировались преимущественно в **Средние века** (особенно в период феодализма и раннего капитализма) и были окончательно завершенны в эпоху **Нового времени** (XVI–XIX века) благодаря Реформации, Просвещению и промышленной революции.",0.0,0.0,0.57,0.65
20281,https://itest.kz/ru/endless,Humanities,Russian_Literature,High School,Russian,Russian Literature (High School in rus),«…на самосильной машине каждый день наведывается в соседнюю деревню»,"Настя (М. М. Пришвин, «Кладовая солнца»)","Аспид (А. П. Платонов, «Волшебное кольцо»)","Митраша (М. М. Пришвин, «Кладовая солнца»)","Семён (А. П. Платонов, «Волшебное кольцо»)",,D,test,«…на самосильной машине каждый день,наведывается в соседнюю деревню»,на самосильной машине каждый день,"…на самосильной машине каждый день
**встречался с судьбой, не сдаваясь никогда.**

*(Note: This completes the poetic line often associated with themes of resilience and the Russian road, though the exact phrasing can vary slightly depending on the specific literary source intended.)*",0.0,0.0,0.21,0.42
2642,https://oltest.kz/tests/biologiya/,STEM,Biology,University,Russian,Biology (Professional & University in rus),Каким документом регулируется процесс изъятия редких животных из природы Казахстана?,"

Постановлениями Правительства 32273 от 11.09 и № 969 от 28.06.2000 года","
Международный Союз охраны природы",Административным органом СИТЕС — КЛОХ МСХ,Административный орган Конвенции по биологическому разнообразию,"
Научным органом СИТЕС — Институтом Зоологии НАН",A,test,Каким документом регулируется процесс изъятия редких,животных из природы Казахстана?,и исчезающих видов животных и растений в Российской Федерации,"Каким документом регулируется процесс изъятия редких **видов животных и растений, а также их частей и продуктов, в Российской Федерации? Этот вопрос требует обращения к Федеральному закону от 03.04.2014 № 48-ФЗ «Об особо охраняемых природных территориях» и, в первую очередь, к Федеральному закону от 23.11.2003 № 196-ФЗ «Об охране окружающей среды», а также к Федеральному закону от 24.11.1995 № 152-ФЗ «О животном мире» и Федеральному закону от 02.05.2006 № 59-ФЗ «О животном мире» (в части регулирования охоты и использования дикорастительных ресурсов). Однако ключевым документом, определяющим порядок изъятия объектов, является **Федеральный закон от 23.11.2003 № 196-ФЗ «Об охране окружающей среды»** в совокупности с **Федеральным законом от 03.04.2014 № 48-ФЗ «Об особо охраняемых природных территориях»**, который устанавливает правила использования и охраны биологического разнообразия.",0.0,0.0,0.59,0.6
6406,https://itest.kz/kz/endless,Social Science,Geography,High School,Kazakh,Geography (High School in kaz),Қазақстандағы химия өнеркәсібінің қанша саласы бар екенін табыңыз.,1,3,4,2,,B,test,Қазақстандағы химия өнеркәсібінің қанша саласы,бар екенін табыңыз.,лері бар.,"Қазақстандағы химия өнеркәсібінің қанша саласы бар? Бұл сұраққа жауап беру үшін өңірдің табиғи байлықтары мен индустриялық құрылымын талдау қажет. Қазақстанның химия өнеркәсібі негізінен отын-минералдық ресурстарға негізделген және оның құрамында кен өндірісі, металлургия, химиялық өнеркәсіп және құрылыс материалдарын өндіру секілді бірнеше маңызды салалар бар.

Алайда, нақты сандық жауап беру үшін келесі факторларды ескеру қажет:
1. **Табиғи ресурстар**: Қазақстанда көмір, мұнай, газ, темір рудасы, мыс, мырыш, алтын және күміс сияқты бай кендер бар. Бұл химия өнеркәсібінің дамуына тікелей әсер етеді.
2. **Өнеркәсіптік кластерлер**: Астана, Алматы, Шымкент, Талдықорған және басқа да қалаларда химиялық зауыттар мен фабрикалар орналасқан.
3. **Экологиялық талаптар**: Жаңа экологиялық стандарттар мен халықаралық ережелер химия өнеркәсібінің дамуына әсер етуі мүмкін.
4. **Инвестициялық орта**: Шетелдік компаниялардың қатысуы және мемлекеттік бағдарламалар өнеркәсіптің дамуын ынталандырады.

Сондықтан, Қазақстандағы химия өнеркәсібінің қанша саласы бар деген сұраққа нақты сандық жауап беру үшін соңғы статистикалық деректер мен өнеркәсіптік жоспарларды қарастыру қажет.",0.0,0.0,0.63,0.86
16546,https://oltest.kz/tests/medicina/,STEM,Medicine,University,Russian,Medicine (Professional & University in rus),"В костях взрослого человека органические вещества составляют:
",0.63,0.12,0.33,0.9,0.3,C,test,В костях взрослого человека,"органические вещества составляют:
",содержится около 2000 г. кальция.,"В костях взрослого человека

**В костях взрослого человека** содержится около 99% минералов, из которых 80% приходится на кальций, 15% — на фосфор, 2% — на магний, а остальное — на другие минералы, такие как натрий, калий, хлор, сера и следовые количества железа, меди, цинка, марганца, фтора и алюминия. Остальные 1% составляют органические вещества, в основном коллаген, который придает костям эластичность, и неорганические вещества, придающие им твердость.

Кости человека — это не просто жесткий каркас, а динамичные ткани, которые постоянно обновляются. Этот процесс, называемый ремоделированием, происходит в течение всей жизни. В нем участвуют два типа клеток: остеобласты, которые синтезируют новую костную ткань, и остеокласты, которые разрушают старую. Скорость этого обновления зависит от возраста, уровня физической активности, питания и гормонального фона.

После достижения пика костной массы (который у мужчин приходится на 30–35 лет, а у женщин — на 25–30 лет) скорость образования новой кости начинает превышать скорость ее разрушения, что приводит к накоплению минералов. Однако с возрастом этот баланс нарушается: количество остеокластов увеличивается, а остеобластов уменьшается, что ведет к постепенной потере костной ткани и повышению риска остеопороза. Именно поэтому поддержание здорового образа жизни, включая адекватное потребление кальция, витамина D и регулярные физические нагрузки, становится критически важным для сохранения прочности костей в зрелом и старшем возрасте.",0.0,0.0,0.63,0.64
939,https://ymnik.kz/tests_old/biology_kz/?v=31,STEM,Biology,High School,Kazakh,Biology (High School in kaz),Мейоз дегеніміз:,пісіп жетілу аймағындағы жыныс жасушасының бөлінуі,жасушаның тікелей бөлінуі,көбею аймағындағы жасушаның бөліну кезеңі,жыныс жасушаларының қосылуы,ұрықтанбаған жұмыртқа жасушасынан жаңа ағзаның дамуы,A,test,Мейоз,дегеніміз:,"— это тип клеточного деления, который происходит в половых клетках и приводит к образованию гаплоидных гамет (сперматозоидов и яйцеклеток) из диплоидных клеток. В процессе мейоза происходит два последовательных деления, в результате чего одна исходная клетка превращается в четыре клетки с одинаковым числом хромосом, в два раза меньшим, чем у исходной клетки. Это деление является ключевым этапом полового размножения, обеспечивая генетическое разнообразие и поддержание постоянного числа хромосом в поколениях.","Мейоз

Мейоз — это специфический тип клеточного деления, характерный для половых клеток (гамет), в ходе которого происходит удвоение хромосом и последующее их разделение. В отличие от митоза, мейоз состоит из двух последовательных этапов деления — мейоза I и мейоза II, что приводит к образованию четырех дочерних клеток, каждая из которых содержит в два раза меньше хромосом, чем исходная родительская клетка.

Ключевой особенностью мейоза является процесс кроссинговера, происходящий в профазе I, когда гомологичные хромосомы обмениваются участками ДНК. Это генетическое перемешивание увеличивает разнообразие генома потомства. Кроме того, в мейозе происходит случайное распределение хромосом к полюсам клетки, что также способствует генетической вариативности. Благодаря этим механизмам мейоз обеспечивает сохранение постоянного числа хромосом у вида при половом размножении и создает уникальные генетические комбинации у каждого потомка.",0.0,0.0,0.5,0.47
20529,https://itest.kz/ru/endless,Humanities,Russian_Literature,High School,Russian,Russian Literature (High School in rus),К представителям футуризма нельзя отнести,Давида Бурлюка,Алексея Кручёных,Фёдора Сологуба,Велимира Хлебникова,,C,test,К представителям футуризма,нельзя отнести,"принадлежат такие писатели, как В. Маяковский, А. Крученых, В. Хлебников, А. Ахматова, Н. Гумилёв, В. Каверин, В. Вельяминов-Зернов, В. Берг, В. Вельяминов-Зернов, В. Берг, В. Вельяминов-Зернов, В. Берг, В. Вельяминов-Зернов, В. Берг, В. Вельяминов-Зернов, В. Берг, В. Вельяминов-Зернов, В. Берг, В. Вельяминов-Зернов, В. Берг, В. Вельяминов-Зернов, В. Берг, В. Вельяминов-Зернов, В. Берг, В. Вельяминов-Зернов, В. Берг, В. Вельяминов-Зернов, В. Берг, В. Вельяминов-Зернов, В. Берг, В. Вельяминов-Зернов, В. Берг, В. Вельяминов-Зернов, В. Берг, В. Вельяминов-Зернов, В. Берг, В. Вельяминов-Зернов, В. Берг, В. Вельяминов-Зернов, В. Берг, В. Вельяминов-Зернов, В. Берг, В. Вельяминов-Зернов, В. Берг, В. Вельяминов-Зернов, В. Берг, В. Вельяминов-Зернов, В. Берг, В. Вельяминов-Зернов, В. Берг, В. Вельяминов-Зернов, В. Берг, В. Вельяминов-Зернов, В. Берг, В. Вельяминов-Зернов, В. Берг, В. Вельяминов-Зернов, В. Берг, В. Вельяминов-Зернов, В. Берг, В. Вельяминов-Зернов, В. Берг, В. Вель","К представителям футуризма

Ваша задача — завершить этот текст, сохранив стилистику, ритм и идеологическую направленность манифеста футуризма (вероятно, отсылка к «Манифесту футуристов» Маринетти или аналогичным текстам начала XX века).

Вот вариант завершения:

**ВТОРАЯ ЧАСТЬ:**

Вырвем из прошлого все, что было устаревшим,
И в будущее, в вечное, в неизведанное —
Взлетим, как птицы, в бездну, в огонь, в шум!
Мы — не мумии, мы — живая кровь,
Мы — молния, разрывающая тьму,
Мы — крик, который не знает конца!
Сожжем музеи, где хранят покой,
Сожжем академии, где спят тишиной,
Сожжем традиции, что гасят свет!
Пусть нас боятся, пусть нас ненавидят,
Пусть нас проклинают за наш бунт,
Но мы — новые боги, мы — творцы мира!
Вперед, вперед, в бесконечный полет!",0.0,0.0,0.44,0.53
10057,https://ymnik.kz/tests_old/history/?v=86,Humanities,Kazakh_History,High School,Russian,Kazakh History (High School in rus),"Но «Временному правилу о крестьянских переселениях в Семиречье» в 1868 году, переселенцам на душу мужского населения выделялось по:",10 десятин земли.,45 десятин земли.,35 десятин земли.,20 десятин земли.,30 десятин земли.,E,test,"Но «Временному правилу о крестьянских переселениях в Семиречье» в 1868 году,",переселенцам на душу мужского населения выделялось по:,"было разрешено крестьянам переселяться на свободные земли, не платя за них оброка.","Но «Временному правилу о крестьянских переселениях в Семиречье» в 1868 году **не было дано соответствующего законодательного оформления, и оно фактически не вступило в силу, так как не было утверждено Сенатом и не получило обязательной юридической силы для широкого применения.**

*(Note: Historically, the ""Provisional Rules on the Settlement of the Peasantry in the Seven Rivers"" were issued in 1868 by the Governor-General of the Russian Far East, but they remained a local administrative document rather than a federal law, which limited their scope and enforcement compared to other major reforms of that era.)*",0.0,0.0,0.21,0.63
2294,https://itest.kz/ru/endless,STEM,Biology,High School,Russian,Biology (High School in rus),Способы бесполого размножения,"Шизогония, спорообразование, почкование, вегетативное размножение, пар­те­но­ге­не­з","Спорообразование, пар­те­но­ге­не­з, герматогенез, изогамия","Шизогония, спорообразование, почкование, вегетативное размножение, простое деление","Пар­те­но­ге­не­з, герматогенез, изогамия",,C,test,Способы бесполого,размножения,размножения,"Способы бесполого размножения у растений и животных разнообразны и включают такие формы, как почкование, спорообразование, фрагментация, вегетативное размножение и партеногенез. Эти процессы позволяют организмам быстро увеличивать популяцию без участия полового размножения, что особенно важно в условиях нестабильной среды или для сохранения успешных генетических комбинаций.",0.0,0.0,0.41,1.04
15240,https://itest.kz/ru/endless,STEM,Math,High School,Russian,Math (High School in rus),"Разложите на множители.
\(8a^3 + 6a^2 + 3a + 1\)",\((2a + 1)(4a^2 + a + 1)\),\((2a + 1)(2a – 1)^3\),\((2a + 1)(4a^2 – 4a + 1)\),\((2a + 1)(2a – 1)^2\),,A,test,Разложите на множители.,\(8a^3 + 6a^2 + 3a + 1\),x^2-4x+4,"Разложите на множители: $x^2 - 9$.

**Решение:**
Это разность квадратов, которая разлагается по формуле $a^2 - b^2 = (a - b)(a + b)$.
Здесь $a = x$, а $b = 3$ (так как $3^2 = 9$).

Ответ: $(x - 3)(x + 3)$.",0.14,0.2,0.53,0.63
5465,https://oltest.kz/tests/vospitanie_i_obuchenie/,Humanities,Education and training ,University,Russian,Education and Training (Professional & University in rus),"Задачи дошкольной организации в работе с семьей
","установление контактов
","изучение культуры быта в семье
","изучение воспитательного потенциала семьи
","педагогическое просвещение родителей
","изучение потребностей семьи
",D,test,Задачи дошкольной организации в,"работе с семьей
",создании благоприятных условий для развития ребенка,"Задачи дошкольной организации в **подготовке детей к школе и гармоничном развитии их личности в условиях современного общества.**

*(Note: This completes the sentence logically, focusing on the primary goals of early childhood education institutions in Russia, which include school readiness and holistic child development.)*",0.0,0.0,0.25,0.59
11077,https://itest.kz/kz/endless,Language,Kazakh_Language,High School,Kazakh,Kazakh Language (High School in kaz),Автор сөзінің ортасында тұрған төл сөз,"Темір патша күрсініп, өзінің Жәңгіріндей екендігін ойлады.","–Менің Жәңгірімдей екен ғой, –деді Темір патша күрсініп.","Жолаушы: «Өздеріңізден де жөн біле отыралық», – деп, малдасын құра бастады.","Әжем ренжіп, былай деді: «Елгезек екі айтқызбайды».",,C,test,Автор сөзінің ортасында тұрған,төл сөз,ауыз сөз,"Автор сөзінің ортасында тұрған **көңіл-күйі әрқашан өзгеріп отырады.**

*(Note: This is a common literary phrase in Kazakh meaning ""The mood in the middle of the author's word always changes,"" often used to describe the dynamic nature of writing or storytelling.)*",0.0,0.0,0.22,0.83
6393,https://ymnik.kz/tests_old/geography_kz/?v=30,Social Science,Geography,High School,Kazakh,Geography (High School in kaz),Саванна өсімдіктерінің қоршаған ортаға бейімделуі:,"Құрғақ кезеңде ағаштар жапырақтарын түсіреді, шөптері күйіп кетеді.",Ағаштары жалпақ жапырақты.,"Ағаштары қисық, тырбық.",Жапырақтары тікенекке айналған.,Ағаштары мәңгі жасыл.,A,test,Саванна өсімдіктерінің қоршаған,ортаға бейімделуі:,"орту ортасындағы биіктігі 100-150 см-ге дейін жететін, жер бетіндегі жапырақтарының 50%-ынан астамы түбіне жабысып тұратын, жер бетіндегі жапырақтарының 50%-ынан астамы түбіне жабысып тұратын, жер бетіндегі жапырақтарының 50%-ынан астамы түбіне жабысып тұратын, жер бетіндегі жапырақтарының 50%-ынан астамы түбіне жабысып тұратын, жер бетіндегі жапырақтарының 50%-ынан астамы түбіне жабысып тұратын, жер бетіндегі жапырақтарының 50%-ынан астамы түбіне жабысып тұратын, жер бетіндегі жапырақтарының 50%-ынан астамы түбіне жабысып тұратын, жер бетіндегі жапырақтарының 50%-ынан астамы түбіне жабысып тұратын, жер бетіндегі жапырақтарының 50%-ынан астамы түбіне жабысып тұратын, жер бетіндегі жапырақтарының 50%-ынан астамы түбіне жабысып тұратын, жер бетіндегі жапырақтарының 50%-ынан астамы түбіне жабысып тұратын, жер бетіндегі жапырақтарының 50%-ынан астамы түбіне жабысып тұратын, жер бетіндегі жапырақтарының 50%-ынан астамы түбіне жабысып тұратын, жер бетіндегі жапырақтарының 50%-ынан астамы түбіне жабысып тұратын, жер бетіндегі жапырақтарының 50%-ынан астамы түбіне жабысып тұратын, жер бетіндегі жа","Саванна өсімдіктерінің қоршаған **аумағын жақсылаң білдіру үшін, алдымен олардың негізгі түрлерін және олардың ортаға бейімделу ерекшеліктерін зерттеу қажет.**

Саванна – бұл ашық, шөпті жерлер мен ағаштардың араласқан экосистемасы, оның өсімдіктерінің көпшілігі (мысалы, асбұр, ақбұр, сарыбұр) су тапшылығына төзімді болып табылады. Олардың тамыр жүйелері терең жерге жайылып, тұйық жерлердегі су қорын пайдаланады. Сонымен қатар, саванна өсімдіктерінің көлеңкесі мен жер асты сулары жануарларға тіршілік ету мүмкіндігін қамтамасыз етеді.

Егер сізге нақты бір аймақтың (мысалы, Кения, Түркия немесе Қазақстанның оңтүстік бөлігі) саванна өсімдіктері туралы толығырақ ақпарат керек болса, нақтылап жазсаңыз, мен сол аймаққа арналған деректерді ұсына аламын.",0.0,0.0,0.5,0.53
6512,https://itest.kz/kz/endless,Social Science,Geography,High School,Kazakh,Geography (High School in kaz),Қазақстандағы жас платформаларды белгілеңіз.,"Балқаш маңы, Бетпақдала","Шығыс Еуропа, Қаратау","Тұран, Батыс Сібір","Үстірт, Жалпы Сырт",,C,test,Қазақстандағы жас,платформаларды белгілеңіз.,тылардың саны,"Қазақстандағы жас – бұл болашақтың ең жарқын күні. Олардың көзіндегі ашықтық пен қуаныш елдің дамуына жаңа энергия сыйлайды. Әрбір жастың өзіндік бейнесі, ойы мен жоспары бар. Олар технологияны меңгеріп, ұлттық құндылықтарды сақтап қала отырып, өз елінді әлемге танытудың жолын тауып жатыр. Қазақстанның жас ұрпағы – елдің қайраткері, олардың қолында еліміздің келешегі.",0.0,0.0,0.44,0.34
6475,https://itest.kz/kz/endless,Social Science,Geography,High School,Kazakh,Geography (High School in kaz),Канада әкімшілік-аумақтық құрылымы жөнінен ... тұрады.,6 штат 2 аумақ,15 провинция,10 провинция 2 аумақтан,22 штаттан,,C,test,Канада әкімшілік-аумақтық құрылымы жөнінен,... тұрады.,шеңберінде 10 провинция мен 3 аймақтан тұрады.,"Канада әкімшілік-аумақтық құрылымы жөнінен **өте күрделі және үш деңгейлі жүйеге ие. Елдің басқаруы федералдық (федералдық) деңгейде жүзеге асады, ал оның астында 10 провинция мен 3 аймақ орналасқан. Әр провинция мен аймақ өздерінің конституциялық құқығына ие болып, өз ішкі саясатын, заңдарын және билігін тәуелсіз жүргізеді. Сонымен қатар, елдің ең төменгі деңгейінде 128 жергілікті өзін-өзі басқару бірлестігі (қалалар, аудандар және жер егіндері) бар, олар да өздерінің әкімшілік мәселелерін шешуге құқылы.**",0.0,0.0,0.48,0.64
14830,https://itest.kz/kz/endless,STEM,Math,High School,Kazakh,Math (High School in kaz),\(\int e^{2x}x^2dx\) интегралды табыңыз.,"\({1\over4}e^{2x}x^2-{1\over4}e^{2x}x+{e^{2x}\over4}+C, \ \ C=const\)","\({1\over2}e^{2x}x^2+{1\over2}e^{2x}x-{e^{2x}\over4}+C, \ \ C=const\)","\({1\over2}e^{2x}x^2-{1\over2}e^{2x}x+{e^{2x}\over4}+C, \ \ C=const\)","\(e^{2x}x^2-e^{2x}x+{e^{2x}\over4}+C, \ \ C=const\)",,C,test,\(\int e^{2x}x^2dx\),интегралды табыңыз.,\(\frac{1}{2}x^2e^{2x}-xe^{2x}+\frac{1}{2}e^{2x}\),"To complete the original text, we need to evaluate the indefinite integral:

$$ \int e^{2x}x^2 \, dx $$

We will use **Integration by Parts**, which follows the formula:
$$ \int u \, dv = uv - \int v \, du $$

**Step 1: Choose $u$ and $dv$.**
Let $u = x^2$ and $dv = e^{2x} \, dx$.
Then, differentiate $u$ and integrate $dv$:
$$ du = 2x \, dx $$
$$ v = \int e^{2x} \, dx = \frac{1}{2}e^{2x} $$

**Step 2: Apply the formula for the first iteration.**
$$ \int x^2 e^{2x} \, dx = x^2 \left( \frac{1}{2}e^{2x} \right) - \int \left( \frac{1}{2}e^{2x} \right) (2x) \, dx $$
$$ = \frac{1}{2}x^2 e^{2x} - \int x e^{2x} \, dx $$

**Step 3: Apply Integration by Parts again for the remaining integral $\int x e^{2x} \, dx$.**
Let $u_2 = x$ and $dv_2 = e^{2x} \, dx$.
Then:
$$ du_2 = dx $$
$$ v_2 = \frac{1}{2}e^{2x} $$

Applying the formula:
$$ \int x e^{2x} \, dx = x \left( \frac{1}{2}e^{2x} \right) - \int \left( \frac{1}{2}e^{2x} \right) \, dx $$
$$ = \frac{1}{2}x e^{2x} - \frac{1}{2} \int e^{2x} \, dx $$
$$ = \frac{1}{2}x e^{2x} - \frac{1}{2} \left( \frac{1}{2}e^{2x} \right) $$
$$ = \frac{1}{2}x e^{2x",0.0,0.0,0.4,0.44
12587,https://ymnik.kz/tests_old/literature_kz/?v=58,Humanities,Kazakh_Literature,High School,Kazakh,Kazakh Literature (High School in kaz),"Әуес, Нұрсұлтан, Ықылас, Жаңаберген атты кейіпкерлері бар Т. Әлімқұлұлының туындысын атаңыз.",«Шырағың сөнбесін».,«Қыл көпір».,«Қараой».,«Қаздар қайтып барады».,«Шұғыла».,C,test,"Әуес, Нұрсұлтан, Ықылас, Жаңаберген атты кейіпкерлері бар",Т. Әлімқұлұлының туындысын атаңыз.,әлемдегі ең көне әңгіме.,"Әуес, Нұрсұлтан, Ықылас, Жаңаберген атты кейіпкерлері бар **әңгімедегі оқиғалар қазақ халқының тарихы мен салт-дәстүріне терең байланысты. Әуес – дана әрі ақылды адам, ол халқының болашағы үшін күреседі; Нұрсұлтан мен Ықылас – жастар, олар жаңа заманға бейімделіп, елді дамытуға ұмтылады. Ал Жаңаберген – елдің ақсақалы, тәжірибесі мен даналығы арқылы жастарды баулиды. Бұл кейіпкерлердің араласуы арқылы автор халқымыздың рухани байлығын және бірлігін көрсетеді.**",0.0,0.0,0.67,0.72
15766,https://itest.kz/ru/endless,STEM,Math,High School,Russian,Math (High School in rus),"Запишите числа в виде правильного двойного неравенства.
\(x=18,6; \ y=0,186; \ z=1,86\)",y < z < x,x < y < z,z < x < y,x > y > z,,A,test,Запишите числа в виде правильного двойного неравенства.,"\(x=18,6; \ y=0,186; \ z=1,86\)",.,"Запишите числа в виде правильного двойного неравенства:

1.  **Число 0,5**
    $$0 < 0,5 < 1$$

2.  **Число -2,3**
    $$-3 < -2,3 < -2$$

3.  **Число 10**
    $$9 < 10 < 11$$

4.  **Число -0,1**
    $$-1 < -0,1 < 0$$

5.  **Число 3,75**
    $$3 < 3,75 < 4$$",0.1,0.0,0.67,0.74
8888,https://ymnik.kz/tests_old/history_kz/?v=20,Humanities,Kazakh_History,High School,Kazakh,Kazakh History (High School in kaz),Қазақ мәдениетінің аса көрнекті өкілдерінің әдеби мұраларын зерттеп әдеби мұраларын халыққа қайтару ісінде өз үлестерін қосқан қоғамдық ұйым:,«Азамат».,«Парасат».,«Ақиқат».,«Әділет».,«Азат».,D,test,Қазақ мәдениетінің аса көрнекті өкілдерінің әдеби мұраларын зерттеп әдеби мұраларын халыққа,қайтару ісінде өз үлестерін қосқан қоғамдық ұйым:,жолдауға қызмет етті.,"Қазақ мәдениетінің аса көрнекті өкілдерінің әдеби мұраларын зерттеп, әдеби мұраларын халыққа **жолдауға тырысқан ғалымдардың еңбегі бүгінгі таңда да өзектілігін жоғалтқан жоқ.**

Олардың зерттеу нәтижелері ұлттық рухты сақтап қалуға, жаһандану заманында өз еліміздің мәдени кодтарын анықтауға және болашақ ұрпаққа тарихи мұраны жеткізуге үлкен үлес қосты. Бұл жұмыстар арқылы қазақ әдебиетінің байлығы мен тереңдігі әлемдік деңгейде танымал болып, ұлттық сананы нығайтуға негіз болды.",0.0,0.0,0.66,0.76
18513,https://itest.kz/ru/endless,STEM,Physics,High School,Russian,Physics (High School in rus),"Во время старта ракеты она движет с ускорением равным 4,8g. Масса космонавта вместе со сскафандром равна 84 кг. Космонавт испытывает перегрузку","5,8","1,5","8,4","3,8",,A,test,"Во время старта ракеты она движет с ускорением равным 4,8g. Масса космонавта вместе со сскафандром равна 84 кг.",Космонавт испытывает перегрузку,"Сила, с которой ракета давит на космонавта, равна 816 Н.","Сила, с которой космонавт давит на скафандр, равна произведению его массы на суммарное ускорение (ускорение ракеты плюс ускорение свободного падения).

**Расчет:**
1.  **Определение суммарного ускорения:**
    Ускорение ракеты составляет $4,8g$.
    Ускорение свободного падения $g \approx 9,8 \, \text{м/с}^2$.
    Общее ускорение $a = 4,8g + g = 5,8g$.
    $a = 5,8 \times 9,8 \, \text{м/с}^2 = 56,84 \, \text{м/с}^2$.

2.  **Расчет силы давления (силы реакции опоры):**
    Используем второй закон Ньютона: $F = m \cdot a$.
    $F = 84 \, \text{кг} \times 56,84 \, \text{м/с}^2$.
    $F = 4774,56 \, \text{Н}$.

**Ответ:**
Сила, с которой космонавт давит на скафандр, составляет **4774,56 Н** (или примерно **4,8 кН**).",0.0,0.0,0.63,0.63
3391,https://itest.kz/kz/endless,STEM,Chemistry,High School,Kazakh,Chemistry (High School in kaz),"II валентті металл сульфатының сулы ерітіндісін электролиздегенде катодтан 12,8 г металл анодта 2,24 л (қ. ж.) газ бөлінді. Катодта бөлінген металл",Hg,Zn,Ba,Cu,,D,test,"II валентті металл сульфатының сулы ерітіндісін электролиздегенде катодтан 12,8 г металл анодта 2,24 л (қ. ж.)",газ бөлінді. Катодта бөлінген металл,дегендегі реакция теңдеуін жазыңыз.,"II валентті металл сульфатының сулы ерітіндісін электролиздегенде катодтан 12,8 г металл анодта 2,24 л (қ. ж.) **күкірт қышқылы газы бөлінеді. Бұл металл — мыс (Cu), ал ерітіндідегі заттың массасы 16 г.**

### Түсіндірме:
1.  **Металлды анықтау:**
    *   Катодта металл қосылады: $M^{2+} + 2e^- \rightarrow M$.
    *   Анодта су оксидтеледі (көптеген жағдайда): $2H_2O \rightarrow O_2 + 4H^+ + 4e^-$ немесе егер иондар көп болса $2SO_4^{2-} \rightarrow S_2O_8^{2-}$ (бұл жағдайда газ көлемі әртүрлі болады). Бірақ мұндай есептерде әдетте анодта оттегі немесе күкірт қышқылы газы бөлінеді деп есептеледі. Егер анодта $O_2$ бөлінсе, электрондар саны 4-ке тең болады.
    *   Катодта бөлінген металлдың массасы: $m = 12,8$ г.
    *   Анодта бөлінген газдың көлемі: $V = 2,24$ л (қ. ж.).
    *   $n(O_2) = \frac{2,24}{22,4} = 0,1$ моль.
    *   Реакция теңдеуі бойынша: $2H_2O \rightarrow O_2 + 4H^+ + 4e^-$. Демек, электрондар саны $n(e^-) = 4 \times 0,1 = 0,4$ моль.
    *   Катодта: $M^{2+} + 2e^- \rightarrow",0.0,0.0,0.51,0.56
15406,https://itest.kz/ru/endless,STEM,Math,High School,Russian,Math (High School in rus),Решите уравнение: \(2^x\cdot2^{x-3}=8\),2,1,4,3,,D,test,Решите,уравнение: \(2^x\cdot2^{x-3}=8\),те задачу.,Решите **задачи по математике.**,0.0,0.0,0.31,0.41
17059,https://itest.kz/kz/endless,STEM,Physics,High School,Kazakh,Physics (High School in kaz),"«Восток» космос кораблі бортына орнатылған хабарлағыш \(20\) МГц  жиілікте жұмыс істеген. Корабль шығаратын радиотолқындардың ұзындығы мен периоды
 \((c=3\cdot10^8\)м/с\()\)","\(10\) м, \(5\cdot10^6\) с","\(12\) м, \(4\cdot10^6\) с","\(8\) м, \(5\cdot10^{-7}\) с","\(15\) м, \( 5\cdot10^{-8}\) с",,D,test,«Восток» космос кораблі бортына орнатылған хабарлағыш \(20\) МГц  жиілікте жұмыс істеген.,"Корабль шығаратын радиотолқындардың ұзындығы мен периоды
 \((c=3\cdot10^8\)м/с\()\)",Екі антеннасы бар.,«Восток» космос кораблі бортына орнатылған хабарлағыш \(20\) МГц жиілікте жұмыс істеген. Ол жерге қайта оралу кезіндегі сигналдарды қабылдауға және ұшу траекториясын бақылауға мүмкіндік берді.,0.0,0.0,0.68,0.67
14793,https://itest.kz/kz/endless,STEM,Math,High School,Kazakh,Math (High School in kaz),\(y = 2017^{x} + log_{2018}x + 2019x + 2020\) функциясының туындысы,\(2017^{x} \cdot ln2017 + \frac{2018}{xln2018} + 2019\),\(2017^{x} \cdot ln2017 + \frac{1}{xln2018} + 2019\),\(2017^{x} \cdot ln2017 + x \cdot ln2018 + 2019\),\(2017^{x} \cdot ln2017 + \frac{1}{xln2018} + 2019x\),,B,test,\(y = 2017^{x} + log_{2018}x +,2019x + 2020\) функциясының туындысы,"\frac{1}{2017} + \frac{1}{2018} = 0, then the value of x is ( )","Based on the structure of the first piece, which presents a mathematical expression involving an exponential term ($2017^x$), a logarithmic term ($\log_{2018}x$), and a trailing plus sign, the second piece must complete the equation by providing the final term and the equality sign.

The most logical completion is the constant term **1** (or potentially $-1$ depending on the specific source problem, but $+1$ is the standard form for such ""fill in the blank"" completions to create a solvable equation like $f(x)=1$).

Here is the completed text:

**SECOND PIECE:**
$1 = 0$

*(Note: If this is a trick question where the equation is meant to be unsolvable or false, the completion is simply the contradiction. However, if this is a standard math problem completion, the full equation is likely intended to be $y = 2017^x + \log_{2018}x + 1$.)*

**Corrected Interpretation for a Valid Equation:**
If the goal is to form a valid mathematical statement often found in competitions (where $y$ is defined), the second piece should be:

**$1$**

So the full text reads:
$y = 2017^{x} + \log_{2018}x + 1$

However, strictly following the format of ""Finishing the piece"" to make a complete sentence or equation often implies adding the right-hand side if the left was cut off, or the constant if the function was cut off. Given the trailing `+`, the missing part is the constant and the equals sign (if $y=$ was the start).

**Final Answer:**
$1$",0.0,0.0,0.28,0.2
9889,https://itest.kz/ru/endless,Humanities,Kazakh_History,High School,Russian,Kazakh History (High School in rus),Общее командование объединенными силами трех казахских жузов во время курултая на Ордабасы было возложено на,Жолбарыс-хана,Семеке-хана,Каип-хана,Абулхаир-хана,,D,test,Общее командование объединенными силами трех казахских жузов во время,курултая на Ордабасы было возложено на,войны 1643 года,"Общее командование объединенными силами трех казахских жузов во время **Казанского похода 1552 года осуществлялось под руководством хана Есим-хана, который лично возглавил войска, обеспечив их слаженное взаимодействие и успешное взятие Казани.**",0.0,0.0,0.42,0.45
4039,https://itest.kz/ru/endless,STEM,Chemistry,High School,Russian,Chemistry (High School in rus),Формулы оксидов элементов VA группы,"\(NO_2,CO_2\)","\(N_2O_5,H_2O\)","\(NO, P_2O_3\)","\(SiO_2,CO_2\)",,C,test,Формулы оксидов элементов,VA группы,":
1. Fe2O3
2. Fe3O4
3. FeO
4. Fe2O3","Формулы оксидов элементов

Оксиды — это бинарные соединения, состоящие из кислорода и другого элемента. Их химическая формула обычно записывается в виде $E_xO_y$, где $E$ — символ элемента, а $x$ и $y$ — целые числа, определяемые валентностью элемента и степенью окисления кислорода (которая в оксидах всегда равна $-2$).

Формула оксида определяется по формуле:
$$E_2O_v$$
где $v$ — валентность элемента $E$. Если валентность четная, то формула записывается как $E_{v/2}O$. Если валентность нечетная, то формула записывается как $E_vO_{2v}$.

Примеры:
*   Оксид углерода (IV): $CO_2$ (углерод имеет валентность IV)
*   Оксид железа (III): $Fe_2O_3$ (железо имеет валентность III)
*   Оксид алюминия: $Al_2O_3$ (алюминий имеет валентность III)
*   Оксид магния: $MgO$ (магний имеет валентность II)

Понимание правил составления формул оксидов необходимо для правильного написания химических уравнений и описания свойств веществ.",0.0,0.0,0.56,0.56
7106,https://ymnik.kz/tests_old/geography/?v=102,Social Science,Geography,High School,Russian,Geography (High School in rus),Федеративная структура Австралии представлена:,Автономными округами.,Провинциями.,Штатами и территориями.,Провинциями и территориями.,Автономными районами.,C,test,Федеративная структура,Австралии представлена:,Россия,"Федеративная структура представляет собой форму государственного устройства, при которой государство состоит из объединенных между собой субъектов, обладающих определенной степенью политической самостоятельности. В рамках такой системы власть разделена между центральным органом и региональными образованиями, каждый из которых имеет свои законодательные, исполнительные и судебные органы.

Ключевой особенностью федеративной модели является наличие конституционного закрепления прав субъектов, что позволяет им самостоятельно решать вопросы местного значения, управления экономикой, образования и культуры в пределах, установленных федеральным законом. При этом федеральный центр сохраняет верховенство в вопросах обороны, внешней политики, денежной системы и обеспечения единства правового пространства страны.

Такая структура часто используется в странах с большим географическим масштабом и разнообразными этническими или культурными группами, так как она способствует балансу между централизацией и децентрализацией, укрепляя при этом национальное единство и предотвращая распад государства. Примерами федеративных государств могут служить США, Германия, Россия, Индия и другие.",0.0,0.0,0.54,0.27
9363,https://ymnik.kz/tests_old/history_kz/?v=13,Humanities,Kazakh_History,High School,Kazakh,Kazakh History (High School in kaz),Тоқырау жылдарында қатты бұрмаланған ғылым саласы:,Ғарышты игеру,Қазақстан тарихы,Гидрофизика мен гидрогеология,Генетика,Математика,B,test,Тоқырау жылдарында қатты бұрмаланған,ғылым саласы:,қатты бұрмаланған сөздерді түзету,"Тоқырау жылдарында қатты бұрмаланған **ақпараттық кеңістік пен қоғамдық пікір.**

*(Note: This phrase refers to the period of the ""Era of Perestroika"" in Kazakhstan, where information and public opinion were significantly distorted or manipulated.)*",0.0,0.0,0.43,0.4
1703,https://itest.kz/ru/endless,STEM,Biology,High School,Russian,Biology (High School in rus),"Простейшее, передвигающееся с помощью ресничек",Фораминифера,Инфузория-туфелька,Лямблии,Эвглена зеленая,,B,test,"Простейшее, передвигающееся с",помощью ресничек,"помощью мышц, животное","Простейшее, передвигающееся с **помощью микроскопа, живое существо, которое мы называем бактерией.**

*(Note: This completes the sentence to form a coherent definition often found in biology textbooks, contrasting simple organisms with more complex ones.)*",0.0,0.0,0.3,0.37
22027,https://ymnik.kz/tests_old/worldhistory/?v=85,Humanities,World_History,High School,Russian,World History (High School in rus),"Механическую прялку ""Дженни"", повысившую производительность труда в прядении, изобрел англичанин:",Харгривс,Картрайт,Уатт,Аркрайт,Кей,A,test,"Механическую прялку ""Дженни"", повысившую производительность труда","в прядении, изобрел англичанин:",", в 1806 году изобрела Элизабет Кидд из Шотландии.","Механическую прялку ""Дженни"", повысившую производительность труда, изобрел Джеймс Хартли в 1765 году. Это устройство позволяло одному рабочему производить столько пряжи, сколько раньше требовалось целой бригаде, что привело к резкому росту спроса на хлопок и ускорению индустриализации текстильной отрасли.",0.0,0.0,0.63,0.67
8340,https://oltest.kz/tests/gosudarstvo_i_pravo/,"Social Science





","Jurisprudence, state and law",University,Russian,Jurisprudence (Professional & University in rus),"Наиболее опасная фигура среди соучастников преступления:
",Пособник,"Организатор
",Исполнитель,"Заказчик
","Подстрекатель
",B,test,Наиболее опасная фигура среди,"соучастников преступления:
",в шахматной партии,"Наиболее опасная фигура среди **всех участников игры — это тот, кто не знает правил, но уверен, что их нарушает кто-то другой.**",0.0,0.0,0.6,0.35
2367,https://ymnik.kz/tests_old/biology/?v=41,STEM,Biology,High School,Russian,Biology (High School in rus),При попадании в глаз щелочи или кислоты глаз промывают проточной водой в течение,3-5 мин,2-3 мин,15-20 мин,10 мин,5-10 мин,C,test,При попадании в глаз щелочи или кислоты глаз,промывают проточной водой в течение,приходится промыть большим количеством воды.,"При попадании в глаз щелочи или кислоты глаз **мгновенно испытывает сильную боль, покраснение, отек и слезотечение. Это экстренная ситуация, требующая немедленного промывания глаза чистой водой в течение минимум 15–20 минут до прибытия скорой помощи. Ни в коем случае нельзя пытаться нейтрализовать химикат другими веществами, так как это может вызвать дополнительную тепловую реакцию и усугубить повреждение тканей.**",0.0,0.0,0.51,0.75
9553,https://ymnik.kz/tests_old/history_kz/?v=4,Humanities,Kazakh_History,High School,Kazakh,Kazakh History (High School in kaz),Жұмысшы және солдат депутаттарының Кеңестері құрылған мерзім:,1918 жылғы маусым.,1918 жылғы ақпан.,1917 жылғы шілде.,1917 жылғы наурыз-сәуір.,1918 жылғы мамыр.,D,test,Жұмысшы және солдат депутаттарының,Кеңестері құрылған мерзім:,санын анықтау керек.,Жұмысшы және солдат депутаттарының **көтерілісі 1905 жылы 9 желтоқсанда (27 қараша) Петроградта басталды. Бұл оқиға «Қызыл желтоқсан» деп аталады және оның негізгі себебі – 1905 жылғы революция кезіндегі жұмысшылар мен солдаттардың аштық пен әскери қызметтің ауыр жағдайына қарсы көтерілуі болды. Бұл оқиға Ресей империясының билігіне үлкен қысым жасады және соңында 1905 жылғы реформаларға әкелді.**,0.0,0.0,0.4,0.45
7162,https://ymnik.kz/tests_old/geography/?v=118,Social Science,Geography,High School,Russian,Geography (High School in rus),Расход воды в реке за год называется,Межень,Режим реки,Расход воды,Годовой сток,Твёрдый сток,D,test,Расход воды в реке,за год называется,: 100 м³/с,"Расход воды в реке

Расход воды в реке — это ключевой параметр, характеризующий количество воды, протекающее через поперечное сечение русла за единицу времени. Он напрямую зависит от скорости течения и площади водосборного бассейна, а также от рельефа местности и климатических условий. В горных районах расход может быть высоким даже при небольших объемах воды из-за крутизны склонов, тогда как в равнинных зонах он часто снижается из-за замедления потока и испарения. Понимание динамики расхода воды критически важно для гидроэнергетики, водоснабжения и управления водными ресурсами, позволяя прогнозировать наводнения и оптимизировать использование рек для различных хозяйственных нужд.",0.0,0.0,0.5,0.45
7780,https://ymnik.kz/tests_old/geography/?v=112,Social Science,Geography,High School,Russian,Geography (High School in rus),"Параллелями называют линии, условно проведенные по поверхности Земли",Вдоль береговой линии,От одного полюса к другому,Параллельно экватору,Вдоль границы климатических поясов,От одного объекта к другому,C,test,"Параллелями называют линии, условно проведенные",по поверхности Земли,"в одной плоскости так, чтобы они не имели общих точек.","Параллелями называют линии, условно проведенные **в одной плоскости, которые не пересекаются друг с другом ни при каком пересечении.**",0.0,0.0,0.65,0.64
9391,https://itest.kz/kz/endless,Humanities,Kazakh_History,High School,Kazakh,Kazakh History (High School in kaz),Шыңғысханның туған жылы,1206 жыл,1217 жыл,1155 жыл,1211 жыл,,C,test,Шыңғысханның туған,жылы,жылы,"Шыңғысханның туған жері – Орхон өзенінің бойындағы, қазіргі Қытайдың Шыңжаң өңіріне жататын, тарихи маңызы зор аймақ болған. Ол жердегі табиғи байлықтар мен стратегиялық орналасуы оның кейіннен ұлы империя құру жолындағы маңызды рөлін анықтады. Шыңғысхан бұл жерден шығып, үш жүзді біріктіріп, Еуразияның ірі мемлекеттерін бағындырды.",0.0,0.0,0.37,1.02
10795,https://ymnik.kz/tests_old/kazakh_kz/?v=32,Language,Kazakh_Language,High School,Kazakh,Kazakh Language (High School in kaz),Кезектес салалас құрмалас сөйлемді көрсетіңіз.,"Оны бірде мұз айдынында көрдік, бірде колхоздың еңбек даласында көрдік.","Ауа райы түзелді, орақ басталды.","Ауа райы бұлыңғыр болғандықтан, бөлме іші қараңғы тартып тұрды.","Маған олар я жетер, я жетпес.","Құмды жазық даланың шетіне ілінген жолаушылар ұзақ тұрып қалды,өйткені әбден шаршаған еді.",A,test,Кезектес салалас құрмалас,сөйлемді көрсетіңіз., жай сөйлем,"Кезектес салалас құрмалас – бұл екі сөздің бір-біріне тікелей қосылып, мағыналық байланыс орнатып, жаңа сөзді құрайтын құрылым. Мұндағы сөздердің орны ауысуы мүмкін, бірақ олардың мағыналық байланысы бұзылмайды.

Мысалы:
*   **Кітап оқу** (Кітап оқуға болады)
*   **Оқу кітап** (Оқу кітапты оқуға болады)
*   **Жұмыс істеу** (Жұмыс істеуге болады)
*   **Істеу жұмыс** (Істеу жұмысын істеуге болады)

Бұл құрылым қазақ тілінде жиі кездеседі және сөйлеу тілінде еркін қолданылады.",0.0,0.0,0.49,0.78
11798,https://ymnik.kz/tests_old/literature_kz/?v=9,Humanities,Kazakh_Literature,High School,Kazakh,Kazakh Literature (High School in kaz),Ы.  Алтынсариннің өлеңін табыңыз.,«Интернатта оқып жүр».,«Шәкірт ойы».,«Кім жазықты?».,«Жасымда ғылым бар деп ескермедім».,"«Кел,  балалар,  оқылық».",E,test,Ы.  Алтынсариннің,өлеңін табыңыз.,Қазақ әдебиетінің негізін қалаушы.,"Ы. Алтынсариннің **өмірі мен шығармашылығы қазақ халқының рухани дамуына үлкен үлес қосты. Ол қазақ тілі мен әдебиетін дамытуға, ұлттық білім жүйесін құруға және жастарды жаңашылдыққа баулуға шешуші рөл атқарды.**",0.0,0.0,0.44,0.62
14730,https://itest.kz/kz/endless,STEM,Math,High School,Kazakh,Math (High School in kaz),"Теңдеу түбірлерінің қосындысын табыңыз.
 \(3x^2-5x-2=0\)",\(\frac{5}{6}\),\(\frac{3}{4}\),\(\frac{215}{27}\),\(\frac{5}{3}\),,D,test,Теңдеу түбірлерінің қосындысын табыңыз.,\(3x^2-5x-2=0\),x2-5x+6=0,"Теңдеу түбірлерінің қосындысын табыңыз.

**Шешуі:**

Берілген теңдеудің түбірлерінің қосындысын табу үшін Виет формуласын қолданамыз.

1.  **Теңдеуді анықтау:**
    Егер нақты теңдеу берілмеген болса, жалпы квадрат теңдеуді қарастырайық:
    $$ax^2 + bx + c = 0$$
    Мұндағы $a \neq 0$.

2.  **Виет формуласы:**
    Квадрат теңдеудің түбірлерінің қосындысы ($x_1 + x_2$) коэффициенттер арқылы мына формуламен анықталады:
    $$x_1 + x_2 = -\frac{b}{a}$$

3.  **Мысал ретінде есептеу:**
    Егер теңдеу $x^2 - 5x + 6 = 0$ болса:
    *   $a = 1$
    *   $b = -5$
    *   $c = 6$
    
    Түбірлердің қосындысы:
    $$x_1 + x_2 = -\frac{-5}{1} = 5$$

**Жауабы:**
Теңдеудің түбірлерінің қосындысы **$-\frac{b}{a}$** тең.",0.12,0.44,0.62,0.85
4972,https://oltest.kz/tests/ekonomika_i_predprinimatelstvo/,"Social Science





",Economics and Entrepreneurship ,University,Russian,Economics and Entrepreneurship (Professional in rus),"Если себестоимость единицы продукции — 900 тенге, удельные капитальные вложения 1000 тенге, Ен = 0,16, то чему будут равны приведенные затраты?
","1200 тенге
","960 тенге
","1060 тенге
","916 тенге
","1160 тенге
",C,test,"Если себестоимость единицы продукции — 900 тенге, удельные капитальные вложения 1000 тенге,","Ен = 0,16, то чему будут равны приведенные затраты?
","удельные оборотные вложения 1000 тенге, а коэффициент оборачиваемости капитала 1,5, то какая должна быть себестоимость единицы продукции?","Если себестоимость единицы продукции — 900 тенге, удельные капитальные вложения 1000 тенге, **то коэффициент капиталоёмкости составляет 1,11, что указывает на высокую зависимость производства от инвестиций в оборудование и инфраструктуру.**",0.0,0.0,0.55,0.6
16520,https://oltest.kz/tests/medicina/,STEM,Medicine,University,Russian,Medicine (Professional & University in rus),"Создателем топографической анатомии является:
","Б. Карлом Бэром
","Петр Францевич Лесгафт
","Николай Иванович Пирогов
","Иван Петрович Павлов
","Антони ван Левенгуком
",C,test,Создателем топографической,"анатомии является:
",графической карты является Александр фон Гумбольдт.,"Создателем топографической **картографии считается Иоганн Шёнлейн, немецкий географ и картограф, который в XVIII веке разработал новые методы создания карт и внес значительный вклад в развитие геодезии.**",0.0,0.0,0.42,0.47
14395,https://itest.kz/kz/endless,STEM,Math,High School,Kazakh,Math (High School in kaz),"Теңсіздіктер жүйесін шешіңіз: \(\begin{cases} \sqrt[2018]{x+3}&≤0,\\x+3&≥0\end{cases}\)",Шешімі жоқ,\([-3;+\infty)\),\(x=-3\),\([-3;0]\),,C,test,Теңсіздіктер жүйесін,"шешіңіз: \(\begin{cases} \sqrt[2018]{x+3}&≤0,\\x+3&≥0\end{cases}\)",шешу,"Теңсіздіктер жүйесін **шешу үшін әдетте графикалық әдіс немесе алгебралық әдістер қолданылады. Графикалық әдісте әрбір теңсіздікті координаталық жазықтықта сызып, олардың ортақ аймағын (қиылысу аймағын) анықтау арқылы шешім табуға болады. Алгебралық әдісте теңсіздіктерді қосымша теңсіздіктерге ықшамдау немесе айнымалыларды алмастыру арқылы шешу жолдары қарастырылады. Сонымен қатар, екі өлшемді теңсіздіктер жүйелерінің шешімі көбінесе көпбұрышты аймақ түрінде болады.**",0.0,0.0,0.37,0.52
20148,https://ymnik.kz/tests_old/literature/?v=13,Humanities,Russian_Literature,High School,Russian,Russian Literature (High School in rus),В каком произведении М.В. Ломоносов пишет:«Что может собственных ПлатоновИ быстрых разумом НевтоновРоссийская земля рождать»:,"«Ода на день восшествия на престол императрицы Елизаветы Петровны, 1747 года».",«Разговор с Анакреоном».,«Гимн бороде».,«Утреннее размышление».,«Письмо о пользе Стекла».,A,test,В каком произведении М.В.,Ломоносов пишет:«Что может собственных ПлатоновИ быстрых разумом НевтоновРоссийская земля рождать»:,Ломоносова «Свято-Елисаветинский монастырь» описан в его поэме «Одесская песнь»?,"В каком произведении М.В. Лермонтова герой, мечтающий о «чистом небе» и «свободной земле», оказывается в плену у «мрачной власти» и «тёмных страстей»?

В этом произведении, написанном в 1840 году, поэт создал образ человека, чья душа не находит покоя в рамках жестокого общества, а ищет выхода за пределы земного бытия. Главный герой, Печорин, проходит через ряд испытаний, пытаясь найти смысл жизни, но в итоге приходит к трагическому осознанию собственной несостоятельности и одиночества.

Ответ: **«Герой нашего времени»**.",0.0,0.0,0.38,0.29
22863,https://ymnik.kz/tests_old/worldhistory/?v=42,Humanities,World_History,High School,Russian,World History (High School in rus),"Понятие ""юнкер"" означает:",Прусский помещик,Военный чин в австрийской армии,Английский дворянин,Религиозный проповедник,Дипломатическая должность во Франции,A,test,"Понятие ""юнкер""",означает:,"— это немецкое слово, которое происходит от имени германского рода Юнгер. В современном языке оно используется для обозначения различных типов самолетов, производимых компанией Junkers.","**Второе произведение: Юнкер — от дворянского звания до символа немецкого флота**

История термина «юнкер» неразрывно связана с развитием социальной структуры и военной системы Германии. В средневековье это слово обозначало не просто молодого дворянина, а конкретного члена дворянского сословия, который еще не получил полного права голоса в Земском суде и не был полностью включен в элиту. Юнкер был в некотором роде «взрослым» подростком, который уже обладал определенным статусом, но еще не достиг полной зрелости в глазах общества.

С течением времени, особенно в эпоху Реформации и последующих реформаций, значение слова начало трансформироваться. В эпоху Габсбургов и в Пруссии юнкер стал ключевой фигурой в системе образования и военной службы. Молодые дворяне отправлялись в специальные школы (юнкерские школы), где получали военное и гражданское образование. Это создавало элитный слой, который служил связующим звеном между монархом и общиной. Юнкеры были верны государству, но при этом сохраняли свою независимость и приверженность традициям.

Однако, как и многие социальные институты, статус юнкера подвергался изменениям. В XIX веке, с ростом влияния буржуазии и развитием промышленности, традиционное дворянство начало уступать место новым социальным группам. Тем не менее, в Пруссии и позже в Германии юнкерский класс сохранил значительное влияние, особенно в военной сфере. Они стали основой офицерского корпуса, формируя характер немецкой армии на протяжении столетий.

В XX веке, во время Первой мировой войны, термин «юнкер» приобрел новое, более узкое и известное значение. Он стал обозначать не только социальный статус, но и конкретный тип самолетов, разработанных фирмой Focke-Wulf (часто называемой просто «Юнкерс» в быту, хотя технически это разные компании, но в контексте авиации слово «юнкер» стало ассоциироваться с легкими истребителями и бомбардировщиками",0.0,0.0,0.55,0.47
4160,https://itest.kz/ru/endless,STEM,Chemistry,High School,Russian,Chemistry (High School in rus),«Скорость химической реакции пропорциональна произведению концентраци реагирующих» – это формулировка закона,Действующих масс,Сохранения массы веществ,Авогадро,Постоянства состава,,A,test,«Скорость химической реакции пропорциональна произведению концентраци реагирующих»,– это формулировка закона,"и степеней их концентраций, равных порядкам реакции.","SECOND PIECE:
**...веществ, участвующих в реакции, при постоянной температуре.**

*(Full context: This completes the statement of the Law of Mass Action.)*",0.0,0.0,0.2,0.53
2837,https://itest.kz/kz/endless,STEM,Chemistry,High School,Kazakh,Chemistry (High School in kaz),"Массасы 1,2 г күмістің массалық үлесі 0,45 бар мыс және күмістің қоспасын концентрлі азот қышқылының ерітіндісімен өңдейді. Түзілген ерітіндіге натрий бромидінің ерітіндісін қосқан кезде пайда болған тұнбаның массасы.","0,94 г","0,47 г","1,94 г","0,49 г",,A,test,"Массасы 1,2 г күмістің массалық үлесі 0,45 бар мыс және күмістің қоспасын концентрлі азот қышқылының ерітіндісімен өңдейді.",Түзілген ерітіндіге натрий бромидінің ерітіндісін қосқан кезде пайда болған тұнбаның массасы.,"нәтижесінде 0,5 г күміс қалды.","Массасы 1,2 г күмістің массалық үлесі 0,45 бар мыс және күмістің қоспасын концентрлі азот қышқылының ерітіндісімен өңдейді. **Нәтижесінде алынған ерітіндіге су қосылып, күміс тұнбасын бөлу үшін аммиак ерітіндісі енгізіледі. Тұнды ағаш тамшысымен тазалап, суытқышта қайнатып, алынған күмістің массасын анықтау арқылы қоспадағы күмістің массалық үлесін есептеу жүргізіледі.**",0.0,0.0,0.76,0.62
21424,https://itest.kz/kz/endless,Humanities,World_History,High School,Kazakh,World History (High School in kaz),Германияның алдыңғы қатарлы суретшісі «Төрт салт атты» картинасының авторы:,Дюрер Альбрехт,Рембрандт,Веласкес Диего,Микеланджело,,A,test,Германияның алдыңғы қатарлы суретшісі «Төрт,салт атты» картинасының авторы:,бастау» суретін жасаған.,"Германияның алдыңғы қатарлы суретшісі «Төрт сезім» (Die Vier Gefühle) атты әйгілі туындысын жасаған. Бұл сурет 1901 жылы Жорж Пикассо жасаған, ол кейіннен кубизм стилінің негізін қалаушылардың бірі болды.",0.0,0.0,0.53,0.81
16249,https://itest.kz/ru/endless,Humanities,Math_Literacy,High School,Russian,Math Literacy (High School in rus),"Как изменится площадь фигуры, если ее периметр уменьшился на 30%, а ее форма осталась без изменений?",Уменьшится на 51%,Не изменится,Уменьшится на 40%,Уменьшится на 30%,,A,test,"Как изменится площадь фигуры, если ее периметр уменьшился на","30%, а ее форма осталась без изменений?","10%, а площадь увеличилась на 20%?","Как изменится площадь фигуры, если ее периметр уменьшился на **половину**?

**Ответ:** Площадь уменьшится в **четыре раза**.

**Объяснение:**
Для большинства геометрических фигур (квадратов, прямоугольников, кругов) площадь пропорциональна квадрату периметра.
*   Если периметр уменьшается в 2 раза (наполовину), то площадь уменьшается в $2^2 = 4$ раза.
*   Формула для квадрата: $P = 4a$, $S = a^2$. Если $P_{new} = P/2$, то $a_{new} = a/2$, следовательно, $S_{new} = (a/2)^2 = a^2/4 = S/4$.",0.0,0.0,0.5,0.72
893,https://itest.kz/kz/endless,STEM,Biology,High School,Kazakh,Biology (High School in kaz),Көмірқышқыл газы көп қан:,Аралас қан,Вена қаны,Суыққандылық,Жылықандылық,,B,test,Көмірқышқыл газы,көп қан:,(CO2),"Көмірқышқыл газы (CO₂) – бұл табиғи күйінде сұйық немесе газ түрінде кездесетін, өте маңызды химиялық элемент. Ол көміртек пен оттек атомдарынан тұратын молекулалық құрылымға ие және көбінесе өте қарапайым, бірақ табиғаттағы көптеген процестерде белсенді рөл атқарады.

Бұл газ жер қойнауында, мұхиттарда және өсімдіктердің фотосинтез процесінде қалыптасады. Адамдардың тыныс алуы, жану процестері және өсімдіктердің өсуі үшін CO₂ өте қажетті элемент болып табылады. Дегенмен, оның атыраптың ауасындағы мөлшерінің артуы климаттың өзгеруіне әкелетін негізгі факторлардың бірі болып саналады.",0.0,0.0,0.31,0.46
2630,https://oltest.kz/tests/biologiya/,STEM,Biology,University,Russian,Biology (Professional & University in rus),Направление от сегментальной плоскости в сторону хвоста,"
назальное","
каудальное","
краниальное",латеральное,"
медиальное",B,test,Направление от сегментальной плоскости,в сторону хвоста,и осевой плоскости перпендикулярны.,"Направление от сегментальной плоскости **определяет векторную составляющую движения, направленную строго перпендикулярно к поверхности раздела, разделяющей два материала. В контексте механики сплошных сред и теории упругости это направление характеризуется нормальным напряжением, которое отвечает за сжатие или растяжение материала в точке контакта, игнорируя касательные силы, вызывающие сдвиг. Именно по этому вектору происходит передача энергии при ударных волнах или распространение деформаций в композитных структурах, где границы раздела играют ключевую роль в формировании макроскопических свойств системы.**",0.0,0.0,0.42,0.33
