id,source,group,subject,level,language,subset,question,choice_A,choice_B,choice_C,choice_D,choice_E,answer,split,first_piece,second_piece,generated_guided_completion,generated_general_completion,rouge_score_for_general_completion,rouge_score_for_guided_completion,bleurt_score_for_general_completion,bleurt_score_for_guided_completion,icl_evaluation
17375,https://itest.kz/kz/endless,STEM,Physics,High School,Kazakh,Physics (High School in kaz),"Белгілі бір процесс кезінде газ 5 МДж жұмыс атқарады. Осы кезде ішкі энергия 2 МДж-ға кемісе, газға берілген жылу мөлшері","3,0 МДж","7,0 МДж","5,0 МДж",10 МДж,,A,test,Белгілі бір процесс кезінде газ 5 МДж жұмыс атқарады.,"Осы кезде ішкі энергия 2 МДж-ға кемісе, газға берілген жылу мөлшері",Белгілі бір процесс кезінде газ 5 МДж жұмыс атқарады. Есепті шешу үшін,Сондықтан газдың ішкі энергиясының өзгерісін анықтау үшін қосылған жылу мөлшерін есептеу қажеттілік туындады.,0.0,0.0,0.66,0.28,No
11031,https://itest.kz/kz/endless,Language,Kazakh_Language,High School,Kazakh,Kazakh Language (High School in kaz),Буын қандай дыбыстар арқылы жасалатынын көрсетіңіз.,Қатаң,Дауысты,Үнді,Ұяң,,B,test,Буын қандай дыбыстар арқылы,жасалатынын көрсетіңіз.,,оқырманға көңіл бөлу үшін,0.0,0.0,0.51,0.51,No
12603,https://itest.kz/kz/endless,Humanities,Kazakh_Literature,High School,Kazakh,Kazakh Literature (High School in kaz),Жошы ханның баласының өлімін қандай аспаппен естірткенін көрсетіңіз.,Домбырамен,Қобызбен,Сырнаймен,Сыбызғымен,,A,test,Жошы ханның баласының өлімін қандай,аспаппен естірткенін көрсетіңіз.,,"""... **тәжірибесімен** еді."" (based on experience).",0.0,0.0,0.34,0.31,No
5382,https://oltest.kz/tests/vospitanie_i_obuchenie/,Humanities,Education and training ,University,Russian,Education and Training (Professional & University in rus),"В содержание физического воспитания в средней школе входит:
","Развитие и пропаганда физической культуры и спорта
","Подготовка к труду, защите Родины, активному участию в жизни общества и укреплению здоровья учащихся
","Укрепление здоровья учащихся, подготовка к труду, привитие навыков здорового образа жизни
","Пропаганда здорового образа жизни, физической культуры
","Укрепление здоровья учащихся, подготовку к труду, защите Родины, участию в жизни общества, формирование спортивных навыков здорового образа жизни
",E,test,В содержание физического воспитания в,"средней школе входит:
",включает в себя,в рамках обучения,0.0,0.0,0.35,0.45,No
16537,https://oltest.kz/tests/medicina/,STEM,Medicine,University,Russian,Medicine (Professional & University in rus),"Полное созревание скелета завершается:
","На 7-8 году жизни
","40-45 годам жизни
","После 50 лет
","На 21-24 году жизни
","На 33-35 году жизни
",D,test,Полное созревание,"скелета завершается:
",это завершающий этап развития,"Полное созревание является завершающим этапом жизненного цикла растения, после которого оно переходит в фазу покоя и готовности к уборке урожая.",0.0,0.0,0.46,0.56,No
15500,https://itest.kz/ru/endless,STEM,Math,High School,Russian,Math (High School in rus),"Упростите выражение.
\(\frac{(3^n+3^{n-1})^2}{9^{n-1}}\)",\(27\),\(9\),\(3\),\(16\),,D,test,Упростите выражение.,\(\frac{(3^n+3^{n-1})^2}{9^{n-1}}\),x^2 - x + 1,Дано выражение: \( 3x^2 - 4x + 2 \).,0.14,0.29,0.67,0.52,No
18194,https://itest.kz/ru/endless,STEM,Physics,High School,Russian,Physics (High School in rus),"Если энергия фотона Е, то частота света равна",\(\frac Eh\),\(\frac Ec\),\(E\cdot2h_2\),\(E\cdot h\),,A,test,"Если энергия фотона Е, то",частота света равна,и её частота,равно произведению частоты света и постоянной Планка,0.0,0.0,0.46,0.54,No
2615,https://oltest.kz/tests/biologiya/,STEM,Biology,University,Russian,Biology (Professional & University in rus),"Сколько процентов гидроэнергетических ресурсов сосредоточено в Прибалхашье?
",0.52,0.02,0.42,0.32,0.62,C,test,Сколько процентов гидроэнергетических ресурсов,"сосредоточено в Прибалхашье?
",Сколько процентов гидроэнергетических ресурсов на территории Российской Федерации составляют?,Всего в мире они составляют около 10%,0.0,0.0,0.47,0.55,No
1584,https://ymnik.kz/tests_old/biology/?v=29,STEM,Biology,High School,Russian,Biology (High School in rus),Кость мозгового отдела черепа,Лобная,Нижнечелюстная,Верхнечелюстная,Носовая,Скуловая,A,test,Кость мозгового,отдела черепа,Защищает головной мозг.,Кости мозгового черепа,0.0,0.0,0.61,0.32,No
19614,https://itest.kz/ru/endless,Humanities,Russian_Language,High School,Russian,Russian Language (High School in rus),Собирательное числительное есть в словосочетании,Четвертый класс,Четыре рейса,Четверых медвежат,Четырёх друзей,,C,test,Собирательное числительное есть,в словосочетании,это понятие,и обозначает количество однородных членов.,0.0,0.0,0.46,0.7,No
13291,https://itest.kz/kz/endless,Humanities,Law,High School,Kazakh,Law (High School in kaz),Жалқыдан жалпыға қозғалыс көрсететін жалпы ғылыми әдіс,Дедукция,Индукция,Синтез,Анализ,,B,test,Жалқыдан жалпыға қозғалыс көрсететін,жалпы ғылыми әдіс,Жалпы жағдайда,анықтамасына,0.0,0.0,0.61,0.56,No
9429,https://ymnik.kz/tests_old/history_kz/?v=87,Humanities,Kazakh_History,High School,Kazakh,Kazakh History (High School in kaz),Орта ғасырлық Қазақстанда буддизм таралған аймақ,Оңтүстік Қазақстан,Шығыс,Солтүстік,Батыс,Орталық,A,test,Орта ғасырлық Қазақстанда буддизм,таралған аймақ,"А. Тарихи деректер мен білім негізінде шешілді  
Б. Мифологиялық түзетілмеген  
В. Миллионындағы көптеген адамдардың  
Г. Дәстүрлі мәдениеттің",Осы кезеңде буддизм Қазақстан аймағында мұндай терең таралумен аяқталды және ол кейіннен монгол империясында ерекше құндылыққа айналды.,0.0,0.0,0.51,0.21,No
1670,https://itest.kz/ru/endless,STEM,Biology,High School,Russian,Biology (High School in rus),"Ученый, показавший, что серповидная анемия вызывается наличием в эритроцитах дефектного гемоглобина",Л. Полинг,Я. Беккори,Э. Фишер,Ф. Мишер,,A,test,"Ученый, показавший, что серповидная анемия вызывается наличием",в эритроцитах дефектного гемоглобина,генетических мутаций,"мутаций в гене, ответственного за синтез гемоглобина",0.0,0.0,0.76,0.62,No
21509,https://itest.kz/kz/endless,Humanities,World_History,High School,Kazakh,World History (High School in kaz),1813 жылы болған Лейпциг түбіндегі шайқастың тарихи атауы:,Аустерлиц түбіндегі шайқас,«Халықтар майданы»,«Қасиетті соғыс»,Ватерлоо шайқасы,,B,test,1813 жылы болған Лейпциг түбіндегі,шайқастың тарихи атауы:,қандай,бірінші,0.0,0.0,0.43,0.49,No
778,https://ymnik.kz/tests_old/biology_kz/?v=2,STEM,Biology,High School,Kazakh,Biology (High School in kaz),Төс сүйегінде қыры болмайтын құс:,Тауық.,Түйеқұс.,Тырна.,Жапалақ.,Қаз.,B,test,Төс сүйегінде қыры,болмайтын құс:,Дұрыс жауап: Есептеу,"Төс сүйегінде қыры, бірақ оған қарай дауды.",0.0,0.0,0.32,0.29,No
14110,https://itest.kz/kz/endless,STEM,Math,High School,Kazakh,Math (High School in kaz),"Өрнекті ықшамдаңыз.
 \((2\sqrt{a}+\sqrt{b})(\sqrt{a}-5\sqrt{b})\)",\(2a+5b-9\sqrt{ab}\),\(2a-5b-9\sqrt{ab}\),\(2a-5b+9\sqrt{ab}\),\(2a+5b-\sqrt{ab}\),,B,test,Өрнекті ықшамдаңыз.,\((2\sqrt{a}+\sqrt{b})(\sqrt{a}-5\sqrt{b})\),Түзетіңіз.,Өрнекті ықшамдаңыз. Сондай-ақ оны қолданудың тиімді жолдарын табыңыз.,0.0,0.0,0.67,0.55,No
11797,https://itest.kz/kz/endless,Humanities,Kazakh_Literature,High School,Kazakh,Kazakh Literature (High School in kaz),Есім ханның тұсында өмір сүрген жырауды көрсетіңіз.,Асан қайғы,Жиембет,Доспамбет,Шалкиіз,,B,test,Есім ханның тұсында өмір,сүрген жырауды көрсетіңіз.,Жауап: Д,Тұсында елге түсу барын жазды.,0.0,0.0,0.26,0.33,No
9890,https://ymnik.kz/tests_old/history/?v=78,Humanities,Kazakh_History,High School,Russian,Kazakh History (High School in rus),"В 90-х годах по новым законам республики, иностранные инвесторы освобождались от уплаты налога на прибыль в течение:",2 лет.,6 лет.,5 лет.,4 лет.,3 лет.,C,test,"В 90-х годах по новым законам республики, иностранные инвесторы освобождались",от уплаты налога на прибыль в течение:,в том случае если они были освобождены от налоговых ограничений,и не предусматривались никаких запретов для вывода средств.,0.0,0.0,0.64,0.56,No
2543,https://oltest.kz/tests/biologiya/,STEM,Biology,University,Russian,Biology (Professional & University in rus),К какой группе мышц отностся поперечная грудная мышца:,мышцы шеи,"
мышцы грудныx стенок",мышцы плечевого пояса,"
мышцы позвоночного столба",мышцы брюшных стенок,B,test,К какой группе мышц отностся,поперечная грудная мышца:,Ответов:,относится к скелетным мышцам,0.0,0.0,0.32,0.41,No
791,https://itest.kz/kz/endless,STEM,Biology,High School,Kazakh,Biology (High School in kaz),Плазмалемма арқылы ішінде сұйық заттары бар көпіршіктердің клеткаға өтуін:,Тыныс алу,Пиноцинтоз,Фагоцитоз,Жұтыну,,B,test,Плазмалемма арқылы ішінде сұйық заттары,бар көпіршіктердің клеткаға өтуін:,... ерекше болып қалады.,...қорғау қызметін атқарады,0.0,0.0,0.45,0.35,No
19846,https://itest.kz/ru/endless,Humanities,Russian_Literature,High School,Russian,Russian Literature (High School in rus),Родина Г.Х. Андерсена,Норвегия,Дания,Англия,Швеция,,B,test,Родина Г.Х.,Андерсена,— мұндай,Историю этой страны мы будем писать с любовью к земле,0.0,0.0,0.26,0.19,No
2304,https://ymnik.kz/tests_old/biology/?v=66,STEM,Biology,High School,Russian,Biology (High School in rus),Превращают перегной в минеральные вещества бактерии,Уксусные,Болезнетворные,Клубеньковые,Почвенные,Молочнокислые,D,test,Превращают перегной в минеральные,вещества бактерии,минеральными удобрениями,удобрения,0.0,0.0,0.7,0.5,No
5351,https://oltest.kz/tests/vospitanie_i_obuchenie/,Humanities,Education and training ,University,Russian,Education and Training (Professional & University in rus),"Взаимодействие участников педагогического процесса, дающий наибольший эффект:
","Авторитарное руководство
","Коммунарная методика
","Самоуправление
","Либеральное руководство
","Педагогика сотрудничества
",E,test,"Взаимодействие участников педагогического процесса,","дающий наибольший эффект:
",обеспечивающие критерии успеха.,"которое способствует формированию мотивации и сотрудничества, а также создает базу для эффективной реализации педагогических задач.",0.0,0.0,0.72,0.68,No
900,https://ymnik.kz/tests_old/biology_kz/?v=27,STEM,Biology,High School,Kazakh,Biology (High School in kaz),"Ішекқуыстары арқылы шоғырласып жалғасқан, әшекей заттарын жасауға пайдаланылатын жәндік:",Кебісше.,Гидра.,Медуза.,Қызыл маржан.,Актиния.,D,test,"Ішекқуыстары арқылы шоғырласып жалғасқан, әшекей",заттарын жасауға пайдаланылатын жәндік:,Дұрыс жауапты белгілеу,әлемдегі қауымға,0.0,0.0,0.52,0.39,No
5665,https://oltest.kz/tests/finansy_i_kredit/,"Social Science





","Finance, credit, insurance ",University,Russian,Finance (Professional & University in rus),"Пенсионные активы накопительных пенсионных фондов формируются за счет
","только пенсионных взносов
","пенсионных взносов, инвестиционного дохода, средств, поступивших в качестве пени и возмещения убытков
","пенсионных взносов, инвестиционного дохода, средств, поступивших в качестве пени
","пенсионных взносов, инвестиционного дохода образуемого за счет инвестиционной деятельности, за минусом комиссионных вознаграждений накопительным пенсионным фондам и компаниям по управлению пенсионными активами негосударственных накопительных фондов
","пенсионных взносов, инвестиционного дохода
",D,test,Пенсионные активы накопительных пенсионных фондов,"формируются за счет
",определяются законодательно.,Они играют ключевую роль в структуре финансовой системы и подлежат обязательному учету государством,0.0,0.0,0.54,0.68,No
19038,https://itest.kz/ru/endless,Humanities,Russian_Language,High School,Russian,Russian Language (High School in rus),"Ряд звуков, не имеющих пару по твёрдости-мягкости","[й], [щ], [ц]","[м], [и], [р]","[ф], [л], [ц]","[ч], [п], [в]",,A,test,"Ряд звуков, не имеющих",пару по твёрдости-мягкости,различий,значений,0.0,0.0,0.47,0.59,No
13864,https://oltest.kz/tests/menedzhment_i_marketing/,"Social Science





",Management and Marketing ,University,Russian,Management and Marketing (Professional & University in rus),"Самостоятельное структурное подразделение организации, выполняющее определенную функцию или несколько функций менеджмента — это:
","Процесс менеджмента
","Технология менеджмента
","Система менеджмента
","Ступень менеджмента
","Звено менеджмента
",E,test,"Самостоятельное структурное подразделение организации, выполняющее определенную функцию или","несколько функций менеджмента — это:
",создается,или как отдельная структурная единица,0.0,0.0,0.52,0.45,No
2151,https://itest.kz/ru/endless,STEM,Biology,High School,Russian,Biology (High School in rus),Формула цветка одуванчика,Ч(5) Л(5) Т0 П(3),Ч0 Л(5) Т(5) П1,Ч(5) Л5 Т∞ П(5),О3+3 Т3+3 П1,,B,test,Формула цветка,одуванчика,Ответ: 0,"Ведь это не просто набор компонентов, / Он говорит о том, что жизнь существует.",0.0,0.0,0.19,0.21,No
17067,https://itest.kz/kz/endless,STEM,Physics,High School,Kazakh,Physics (High School in kaz),"Кестеде әрқайсысының массасы 1 кг екі сұйықтардың жылулық сипаттамалары берілген. 100°C қайнау температурасындағы сұйықтықты толығымен буландыруға қажет жылу мөлшері 
 



 

\(c,\frac{Дж}{кг\cdot ºC}\)
(меншікті
жылусыйымдылығы)


\(\lambda,\frac{кДж}{кг}\)
(балқу
жылуы)


\(r,\frac{кДж}{кг}\)
(булану
жылуы)


\(T_қ,ºC\)
(қайнау
температурасы)


\(T_б, ºC\)
(балқу
температурасы)



I-сұйықтық
4200
335
2260
100
0


II-сұйықтық
2400
108
853
80
–110",335 кДж,2260 кДж,2400 Дж,835 кДж,,B,test,Кестеде әрқайсысының массасы 1 кг екі сұйықтардың жылулық сипаттамалары берілген.,"100°C қайнау температурасындағы сұйықтықты толығымен буландыруға қажет жылу мөлшері 
 



 

\(c,\frac{Дж}{кг\cdot ºC}\)
(меншікті
жылусыйымдылығы)


\(\lambda,\frac{кДж}{кг}\)
(балқу
жылуы)


\(r,\frac{кДж}{кг}\)
(булану
жылуы)


\(T_қ,ºC\)
(қайнау
температурасы)


\(T_б, ºC\)
(балқу
температурасы)



I-сұйықтық
4200
335
2260
100
0


II-сұйықтық
2400
108
853
80
–110","Осы іске қосу және тіркесу сипаттамаларын ескере отырып, екінші кезеңді толықтыру керек.","Бұл есептеу жүйесін пайдаланғанда, есептің шешімін табу үшін сұйықтардың есептеулеріне қатысты мәселелерді шешу керек.",0.0,0.0,0.43,0.42,No
14838,https://itest.kz/kz/endless,STEM,Math,High School,Kazakh,Math (High School in kaz),"Есептеңіз.
 \((-1)^{10}+(-1)^{11}+(-1)^{12}+...+(-1)^{21}\)",\(0\),\(2\),\(–1\),\(1\),,A,test,Есептеңіз.,\((-1)^{10}+(-1)^{11}+(-1)^{12}+...+(-1)^{21}\),Жауапты табу,Есептеңіз. Бұл есепті шығару үшін алдымен суретті анықтау керек.,0.0,0.0,0.51,0.36,No
9822,https://ymnik.kz/tests_old/history/?v=91,Humanities,Kazakh_History,High School,Russian,Kazakh History (High School in rus),Мамая на Куликовом поле разбил:,Иван Грозный,Святослав,Дмитрий Донской,Александр Невский,Ярослав Мудрый,C,test,Мамая на Куликовом,поле разбил:,— это шуточка,"Она вернулась ко дню, когда ветер шептал о том, что бы это стало для неё больше всего...",0.0,0.0,0.14,0.25,No
1492,https://itest.kz/ru/endless,STEM,Biology,High School,Russian,Biology (High School in rus),Обмен газов в легких называется,Тканевым дыханием,Внешним дыханием,Клеточным дыханием,Внутренним дыханием,,B,test,Обмен газов в,легких называется,в лёгких,в лёгких,0.0,0.0,0.66,0.66,No
1819,https://ymnik.kz/tests_old/biology/?v=76,STEM,Biology,High School,Russian,Biology (High School in rus),Сухой односемянный плод - это:,Костянка,Стручок,Семянка,Ягода,Боб,C,test,Сухой односемянный плод,- это:,Сухой односемянный плод является,Находящиеся в этой местности и пригодные к использованию в пищу.,0.0,0.0,0.5,0.66,No
1112,https://ymnik.kz/tests_old/biology_kz/?v=37,STEM,Biology,High School,Kazakh,Biology (High School in kaz),Микроэволюциялық даму жолының нәтижесі.,Тұқымқуалаушылық.,Тіршілік үшін күрес.,Қолдан сұрыптау.,Өзгергіштік.,Түрлердің көп түрлілігі.,E,test,Микроэволюциялық даму,жолының нәтижесі.,Микроэволюциялық даму – бұл табиғаттың өзгерістерін түсіну үшін,Бул процесс адамдардын жеке организмдеринде бир гана өзгөрүүлөрдөн келип чыккан организмдерди алат. Бул процесс жергиликтүү факторлор менен байланышы бар жана ал адамдардын организмдерине таасир этет жана адамдардын организмдерине катышат.,0.0,0.0,0.45,0.54,No
5970,https://oltest.kz/tests/obshcheobrazovatelnye_discipliny/,Others,General education disciplines,University,Russian,General Education Disciplines (Professional & University in rus),"Радиоактивность — это:
","масса атома
","самопроизвольный распад атомных ядер
","разновидность атомов с определенным массовым числом и атомным номером
","масса электрона
","атомы одного и того же элемента, имеющие разные массовые числа
",B,test,Радиоактивность —,"это:
",пособености атома распадаться на более легкие частицы,способностью ядра излучать излучения,0.0,0.0,0.23,0.37,No
19726,https://itest.kz/ru/endless,Humanities,Russian_Literature,High School,Russian,Russian Literature (High School in rus),"Особенностью композиции пьесы А.Н. Островского «Снегурочка», является",наличие эпилога,наличие пролога,отсутствие кульминации,отсутствие завязки,,B,test,Особенностью композиции пьесы А.Н.,"Островского «Снегурочка», является",и его стиля,"Особенностью композиции пьесы А.Н. является стремление к глубокой реализации внутренних переживаний героев через детальную проработку их диалогической структуры, что позволяет раскрыть трагизм и достоинство личности персонажа без лишних внешних объяснений действия.",0.0,0.0,0.49,0.4,No
13139,https://itest.kz/kz/endless,Humanities,Law,High School,Kazakh,Law (High School in kaz),Дұрыс тұжырымды таңдаңыз,"Республиканың азаматтығынан шығу кезінде егер ол республикаға жүктелмеген міндеттерін орындамаса, бас тартуға болмайды.","Қазақстанда туған бала ата-анасының екеуі де белгісіз болса, ол – ҚР-ның азаматы емес.","Республикамызда тұрақты тұратын жері бар, азаматтығы жоқ адамдардың ҚР-ның аумағында туған баласы ҚР-ның азаматы болмайды.","Нәресте жарық дүниеге келген кезде оның ата-анасы ҚР-ның азаматтығында тұрған болса, онда сәби қай жерде туғанына қарамастан республика азаматы болады.",,D,test,Дұрыс тұжырымды,таңдаңыз,Тұжырымын,Осы есеп бойынша жауаптарды таңдау және түсіну үшін:,0.0,0.0,0.54,0.73,No
14622,https://itest.kz/kz/endless,STEM,Math,High School,Kazakh,Math (High School in kaz),"Бөлшекті қысқартыңыз.
 \(\frac{\sqrt{15x} - \sqrt{5}}{3x - 1}\)",\(\frac{\sqrt{5}}{\sqrt{3x}+1}\),\(\sqrt{5x}-\sqrt{5}\),\(\frac{\sqrt{5}}{\sqrt{3x}-1}\),\(\sqrt{3}+\sqrt{5}\),,A,test,Бөлшекті қысқартыңыз.,\(\frac{\sqrt{15x} - \sqrt{5}}{3x - 1}\),Бұл есепті шығару.,"Осы қажеттілік бойынша шығарымын ашып, жалпылама түрде аяқтап, енді де есепті шығаруға.",0.0,0.0,0.31,0.43,No
8390,https://oltest.kz/tests/gosudarstvo_i_pravo/,"Social Science





","Jurisprudence, state and law",University,Russian,Jurisprudence (Professional & University in rus),"Привилегированная акция, по которой имеются преимущества по сравнению с другими видами привилегированных акций в выплате дивидендов, удовлетворении претензий:
","отзывная
",гарантированная,"участвующая
","приоритетная с преимущественным правом
","конвертируемая
",D,test,"Привилегированная акция, по которой имеются преимущества по сравнению с другими видами","привилегированных акций в выплате дивидендов, удовлетворении претензий:
",Сравнение с обычными акциями,...предоставляющий инвесторам приоритетное право на получение дивидендов и прибыли.,0.0,0.0,0.64,0.49,No
15880,https://itest.kz/ru/endless,STEM,Math,High School,Russian,Math (High School in rus),Найдите область допустимых значений выражения \(\frac{a}{5+a}\).,\(a\ne-10\),\(a\ne5\),\(a\ne0\),\(a\ne-5\),,D,test,Найдите область допустимых значений,выражения \(\frac{a}{5+a}\).,f(x) = \sqrt{x^2 - 4},"Для этого необходимо определить, какие значения координаты \( x \) удовлетворяют условию существования функции.",0.0,0.0,0.5,0.63,No
6560,https://itest.kz/kz/endless,Social Science,Geography,High School,Kazakh,Geography (High School in kaz),Бразилиядағы негізгі ауылшаруашылық дақылы.,Күнбағыс,Кофе,Тары,Батат,,B,test,Бразилиядағы негізгі,ауылшаруашылық дақылы.,жағдайы,Бразилиядағы негізгі **әлеуметтік және саяси құрамдарының**,0.0,0.0,0.29,0.44,No
3027,https://itest.kz/kz/endless,STEM,Chemistry,High School,Kazakh,Chemistry (High School in kaz),Элементтердің массалық қатынасы 6:1 болатын қосылыстар қатары,"\(C_4H_8,\;C_2H_6\)","\(C_2H_4,\;C_3H_6\)","\(C_2H_6,\;C_3H_8\)","\(C_2H_4,\;C_3H_8\)",,B,test,Элементтердің массалық қатынасы 6:1,болатын қосылыстар қатары,Бұл есепті шешу барысында,"Бұл қатынасты ескергенде, заттардың құрамын анықтауға болады.",0.0,0.0,0.73,0.62,No
16688,https://oltest.kz/tests/filosofiya_i_psihologiya/,Humanities,Philosophy and psychology,University,Russian,Philosophy and Psychology (Professional & University in rus),"Кто из психологов проанализировал исследования о влиянии разлуки с матерью в младенческом возрасте на психическое развитие ребенка?
","Л.С. Выготский
","А.Н. Леонтьев
","М.И. Лисина
","А.Р. Лурия
","С.Л. Рубинштейн
",C,test,Кто из психологов проанализировал исследования о влиянии разлуки с матерью,"в младенческом возрасте на психическое развитие ребенка?
","А. Фрейд
Б. Психиатр",и уточнить границы проблемы,0.0,0.0,0.43,0.41,No
15562,https://itest.kz/ru/endless,STEM,Math,High School,Russian,Math (High School in rus),Решите уравнение: \(2^{|3x-1|}={\sqrt2}^4\),\(1;\frac13\),\(1;5\),\(-1;\frac13\),\(-\frac13;1\),,D,test,Решите,уравнение: \(2^{|3x-1|}={\sqrt2}^4\),задачи,Сложное число в задании.,0.0,0.0,0.34,0.28,No
18778,https://ymnik.kz/tests_old/russian/?v=53,Humanities,Russian_Language,High School,Russian,Russian Language (High School in rus),Укажите предложение с обстоятельством образа действия.,Кругом кричали коростели.,Вечером мы пошли в театр.,Все присели отдохнуть.,Вчера я приехал в Астану.,Корабль несется на всех парусах.,E,test,Укажите предложение с обстоятельством,образа действия.,вариантов ответа,"Когда дождь начался утром, мы решили остаться дома.",0.0,0.0,0.33,0.54,No
15708,https://itest.kz/ru/endless,STEM,Math,High School,Russian,Math (High School in rus),"Найдите производную функции \(y = arctg \frac{{x + 1}}{{x - 1}},\) при \(\left( {x \ne 1} \right)\).",\({ \frac{3}{{2 + {x^2}}}}\),\({ \frac{1}{{1 - {x^2}}}}\),\({ - \frac{1}{{1 + {x^2}}}}\),\({ - \frac{2}{{1 - {x^2}}}}\),,C,test,Найдите производную функции \(y = arctg \frac{{x + 1}}{{x -,"1}},\) при \(\left( {x \ne 1} \right)\).",1),"Для решения данного задания необходимо выполнить дифференцирование поданной функции \(y=\arctg \frac{x+1}{x-1}\), используя цепное правило дифференцирования. Выразим внутреннее преобразование для упрощения, затем получим итоговый результат.",0.46,0.29,0.46,0.65,No
15256,https://itest.kz/ru/endless,STEM,Math,High School,Russian,Math (High School in rus),"В сплаве золота и серебра отношение их масс равно 3 : 5 соответственно. Найдите массу серебра, если она на 16,04 г больше, чем масса золота.","8,02 г","64,16 г","65,6 г","40,1 г",,D,test,В сплаве золота и серебра отношение их масс равно 3 : 5 соответственно.,"Найдите массу серебра, если она на 16,04 г больше, чем масса золота.",Найдите процентное содержание золота.,"Это означает, что в сплаве содержится 37,5% золота.",0.0,0.0,0.67,0.7,No
1975,https://ymnik.kz/tests_old/biology/?v=8,STEM,Biology,High School,Russian,Biology (High School in rus),Признак однодольных,Корень стержневой,Сетчатое жилкование листьев,Перистое жилкование листьев,2 семядоли в семени,Параллельное жилкование,E,test,Признак,однодольных,Вопрос,...и является основным критерием.,0.0,0.0,0.12,0.13,No
11275,https://ymnik.kz/tests_old/kazakh_kz/?v=41,Language,Kazakh_Language,High School,Kazakh,Kazakh Language (High School in kaz),Мекен үстеуін табыңыз.,Былтыр.,Сонша.,Жедел.,Жоғары.,Ертең.,D,test,Мекен үстеуін,табыңыз.,Көптеген,"Мекен үстеуін ескерту керек, себебі мұндай сөзді қолдану арқылы тіршілік тәрбиесін жасауға арналған маңызды нұсқаулар берілсе де, бүгінгі кездегі қоғамдық жағдайда бұл ұғымы ерекше маңыздылыққа ие.",0.0,0.0,0.45,0.44,No
10507,https://ymnik.kz/tests_old/history/?v=71,Humanities,Kazakh_History,High School,Russian,Kazakh History (High School in rus),«Жеты-Жаргы» появляется в период правления хана:,Абулхаир,Абылай,Касым.,Тауке,Таукель,D,test,«Жеты-Жаргы» появляется в период,правления хана:,13-14 в.в.,... 19-XX ғасырында,0.0,0.0,0.44,0.62,No
21110,https://itest.kz/kz/endless,Humanities,World_History,High School,Kazakh,World History (High School in kaz),«Мазурка королі» деп аталған композитор:,В.А.Моцарт,Ф.Шопен,Д.Верди,Ф.Шуберт,,B,test,«Мазурка королі» деп,аталған композитор:,Выберите вариант ответа.,«...этим можно назвать музыку своей эпохи.»,0.0,0.0,0.46,0.43,No
18177,https://itest.kz/ru/endless,STEM,Physics,High School,Russian,Physics (High School in rus),"Два небольших заряженных шара действуют друг на друга по закону Кулона с силой \(0,1\) Н. Если расстояние между шарами остается неизменным, то при увеличении заряда каждого шара в \(2\) раза сила кулоновского взаимодействия будет равна","\(0,2\) Н","\(0,4\) Н","\(0,1\) Н","\(0,025\) Н",,B,test,"Два небольших заряженных шара действуют друг на друга по закону Кулона с силой \(0,1\) Н. Если расстояние между шарами остается неизменным,",то при увеличении заряда каждого шара в \(2\) раза сила кулоновского взаимодействия будет равна,"Как изменится сила взаимодействия, если заряд одного из шаров увеличится?",то сила взаимодействия не изменится,0.0,0.0,0.77,0.74,No
19830,https://itest.kz/ru/endless,Humanities,Russian_Literature,High School,Russian,Russian Literature (High School in rus),«Франт с хвостом» – так в повести Н.В. Гоголя «Ночь перед Рождеством» назван,Черт,Дьяк,Кузнец,Голова,,A,test,«Франт с хвостом» – так в повести Н.В.,Гоголя «Ночь перед Рождеством» назван,«Франт с хвостом» – так в повести Н.В. Ивановой.,В этой повести,0.0,0.0,0.39,0.48,No
13334,https://itest.kz/ru/endless,Humanities,Law,High School,Russian,Law (High School in rus),Разделение объекта (мысленно или реально) на составные части в целях их отдельного изучения,Измерение,Наблюдение,Сравнение,Анализ,,D,test,Разделение объекта (мысленно или реально) на составные части,в целях их отдельного изучения,Ответ: Правильный вариант.,"Следует подчеркнуть, что результаты такого деления позволяют составить общую картину явления и его связей с другими системами.",0.0,0.0,0.62,0.61,No
7379,https://ymnik.kz/tests_old/geography/?v=8,Social Science,Geography,High School,Russian,Geography (High School in rus),"Отрасль промышленности, для которой отходы металлургических комбинатов являются источником сырья:",Легкая.,Пищевая.,Химическая.,Текстильная.,Машиностроение.,C,test,"Отрасль промышленности, для которой отходы металлургических",комбинатов являются источником сырья:,относится к категории,"производств, относящихся к ним",0.0,0.0,0.43,0.43,No
4191,https://itest.kz/ru/endless,STEM,Chemistry,High School,Russian,Chemistry (High School in rus),Какой объем 2%-ной соляной кислоты с плотностью 1 г/мл потребуется для нейтрализации 100 мл 1 М раствора гидроксида бария?,225 мл,235 мл,365 мл,175 мл,,C,test,Какой объем 2%-ной соляной кислоты с плотностью 1 г/мл потребуется для,нейтрализации 100 мл 1 М раствора гидроксида бария?,для приготовления 1000 мл,Приготовления 100 мл водного раствора,0.67,0.0,0.52,0.37,No
3757,https://itest.kz/ru/endless,STEM,Chemistry,High School,Russian,Chemistry (High School in rus),"Молекулярная формула углеводорода, если в состав 3 его молей входит 1,26 – 10\(^{25}\) атомов углерода и 2,88 · 10\(^{25}\) атомов водорода",\(C_7H_{16}\),\(CH_4\),\(C_4H_{10}\),\(C_3H_8\),,A,test,"Молекулярная формула углеводорода, если в состав 3 его молей входит 1,26 –","10\(^{25}\) атомов углерода и 2,88 · 10\(^{25}\) атомов водорода",моль-объема,"входит 1,26 г углерода",0.0,0.0,0.53,0.46,No
10015,https://ymnik.kz/tests_old/history/?v=57,Humanities,Kazakh_History,High School,Russian,Kazakh History (High School in rus),Т.Шевченко с 1847 г. по 1857 г. в Казахстане:,Находился по служебным делам.,Искал материалы для своих произведений.,Исследовал быт казахского народа.,Возглавил экспедицию по изучению Каспия.,Был в ссылке.,E,test,Т.Шевченко с 1847 г. по,1857 г. в Казахстане:,Т.Шевченко с 1847 г. по 1920 г.,смерти,0.0,0.0,0.36,0.32,No
20563,https://ymnik.kz/tests_old/literature/?v=13,Humanities,Russian_Literature,High School,Russian,Russian Literature (High School in rus),"Укажите, кто из представителей первой половины XІX века был создателем гражданской, политической лирики:",Шортанбай Канайулы.,Махамбет Утемисулы.,Алмажан Азаматова.,Дулат Бабатайулы.,Шернияз Жарылгасулы.,B,test,"Укажите, кто из представителей первой половины XІX века","был создателем гражданской, политической лирики:","А. Игорь,
Б. Олег,
В. Владимир,
Г. Всеволод","Александр I, Николай I и другие",0.0,0.0,0.4,0.38,No
21933,https://ymnik.kz/tests_old/worldhistory_kz/?v=25,Humanities,World_History,High School,Kazakh,World History (High School in kaz),Римдіктер жаулап алған елдерін қалай атады?,Рим облыстары.,Имениелер.,Патшалық.,Отарлар.,Провинциялар.,E,test,Римдіктер жаулап алған елдерін,қалай атады?,бөлігі бойынша,басқаруды жүзеге асыру үшін,0.0,0.0,0.46,0.51,No
10590,https://ymnik.kz/tests_old/history/?v=62,Humanities,Kazakh_History,High School,Russian,Kazakh History (High School in rus),"Добровольное историко-просветительское общество ""Адилет"" было создано:",В 1988 году.,В 1990 году.,В 1992 году.,В 1991 году.,В 1989 году.,E,test,"Добровольное историко-просветительское общество ""Адилет""",было создано:,Каков основной цель общества?,"Основными целями данного объединения стали сбор и сохранение исторической памяти народа через просвещение его потомков, а также создание механизмов контроля над историческими фактами для предотвращения забвения прошлых событий.",0.0,0.0,0.66,0.65,No
22061,https://ymnik.kz/tests_old/worldhistory/?v=41,Humanities,World_History,High School,Russian,World History (High School in rus),Первое в Центральной Европе западнославянское государство:,Болгарское царство,Польское государство,Франкское государство,Чешское государство,Великоморавская держава,E,test,Первое в Центральной Европе,западнославянское государство:,Вопрос по истории,"Согласно этим данным, можно заключить, что регион стал местом интересного исторического сближения между странами.",0.0,0.0,0.32,0.29,No
20901,https://oltest.kz/tests/obshchestvennye_nauki/,"Social Science





",Social Science,University,Russian,Social Science (Professional & University in rus),"Понятие “автаркия” означает:
","лишение населения гражданских прав
","развитие местного самоуправления
","Проявление равнодушного отношение к населению
","политика, направленная на обособление экономики страны от экономики других стран
","уровень централизации государственной власти
",D,test,Понятие “автаркия”,"означает:
",Определение этого термина.,"Это понятие характеризуется способностью человека действовать автономно, минуя влияние среды и ожиданий других.",0.0,0.0,0.67,0.79,No
5686,https://oltest.kz/tests/finansy_i_kredit/,"Social Science





","Finance, credit, insurance ",University,Russian,Finance (Professional & University in rus),"Разница между процентами, полученными банком и выплаченным по депозитам:
",прибыль,"дисконт
","спрэд
","маржа
","премия
",D,test,"Разница между процентами, полученными банком","и выплаченным по депозитам:
",Вариант А,"Следовательно, клиенту нужно внимательно изучить условия предложения, чтобы избежать неожиданных финансовых потерь от скрытых расчётов.",0.0,0.0,0.38,0.52,No
18481,https://itest.kz/ru/endless,STEM,Physics,High School,Russian,Physics (High School in rus),"Период распространения звуковой волны с длиной равной 2,38 км в воздухе \((\vartheta_{звука}=340\; м/с)\)","2,3 мин",7 мс,143 c,7 c,,D,test,Период распространения звуковой волны с длиной равной,"2,38 км в воздухе \((\vartheta_{звука}=340\; м/с)\)",1 м,равной её частоте,0.0,0.0,0.36,0.45,No
18351,https://itest.kz/ru/endless,STEM,Physics,High School,Russian,Physics (High School in rus),"Для плавления 0,5 кг льда, взятого при температуре плавления, необходимо количество теплоты (\(\lambda=3,4\cdot10^5\)Дж/кг)",\(17\cdot10^6\) Дж,"\(1,7\cdot10^5\) Дж","\(1,7\cdot10^4\) Дж",\(17\cdot10^5\) Дж,,B,test,"Для плавления 0,5 кг льда, взятого при температуре","плавления, необходимо количество теплоты (\(\lambda=3,4\cdot10^5\)Дж/кг)","334 кДж, чтобы растопить",требуется сообщить ему тепло,0.0,0.0,0.52,0.38,No
19564,https://ymnik.kz/tests_old/russian/?v=56,Humanities,Russian_Language,High School,Russian,Russian Language (High School in rus),"Поэтическое слово, по мысли М.Цветаевой, есть равенство дара души и глагола.Укажите значение вводного словосочетания:",Порядок мыслей.,Различные чувства.,Оценка стиля высказывания.,Источник высказывания.,Уверенность.,D,test,"Поэтическое слово, по мысли М.Цветаевой, есть равенство дара",души и глагола.Укажите значение вводного словосочетания:,"А. Свобода слова.
Б. Ограничение слова.
В. Язык.
Г. Слово.","и всегда заслуживают уважения тех, кто их прочитает.",0.0,0.0,0.43,0.45,No
3876,https://itest.kz/ru/endless,STEM,Chemistry,High School,Russian,Chemistry (High School in rus),"Пропилен определяют по качественной реакции обесцвечивания бромной воды красновато-коричневый цвета. Выберите уравнение реакции, которое описывает данное изменение.",\(CH_2=CH_2 + Br_2 → CH_2Br–CH_2Br\),\(CH_2=CH–CH_3 + Br_2 → CH_2Br–CHBr–CH_3\),\(CH_2=CH_2 + HBr → CH_3–CH_2Br\),\(CH_2=CH–CH_3 + HBr → CH_3–CHBr–CH_3\),,B,test,Пропилен определяют по качественной реакции обесцвечивания бромной воды красновато-коричневый цвета.,"Выберите уравнение реакции, которое описывает данное изменение.",Ответ:,"Если после взаимодействия с бромной водой наблюдается изменение цвета с насыщенного окрашивания на бесцветное, то это свидетельствует о наличии двойных связей в молекуле пропилена.",0.0,0.0,0.64,0.69,No
6946,https://itest.kz/kz/endless,Social Science,Geography,High School,Kazakh,Geography (High School in kaz),Жер шарындағы тұщы судың үлесі.,"2,5%","9,65%","96,5%","0,25%",,A,test,Жер шарындағы тұщы,судың үлесі.,Бұл қандай түрлік ерекшелікке ие?,осындай жауап берууге болады.,0.0,0.0,0.35,0.44,No
2281,https://ymnik.kz/tests_old/biology/?v=18,STEM,Biology,High School,Russian,Biology (High School in rus),Разрушает древесину,мукор,трутовик,пеницилл,головня,спорынья,B,test,Разрушает,древесину,Что это значит?,В этом случае разрушает город,0.0,0.0,0.23,0.38,No
22568,https://ymnik.kz/tests_old/worldhistory/?v=52,Humanities,World_History,High School,Russian,World History (High School in rus),Упорное сопротивление монголам оказал город Шемаха на территории:,Хорезма,Афганистана,Азербайджана,Северной Индии,Северного Ирана,C,test,Упорное сопротивление монголам оказал город,Шемаха на территории:,Москвой,Казань,0.0,0.0,0.45,0.41,No
12749,https://itest.kz/kz/endless,Humanities,Law,High School,Kazakh,Law (High School in kaz),"Еңбек нарығында ұсынылған жұмыс күшіне деген қоғамдық қажеттіліктердің жалпы көлемін бейнелейтін, оны бос жұмыс орындары бар жұмыс берушілер қалыптастыратын еңбек нарығының кұрамдасы:",Еңбек ұсынысы,Еңбекке сұраныс,Кәсіптік одақтар,Еңбек биржалары,,B,test,"Еңбек нарығында ұсынылған жұмыс күшіне деген қоғамдық қажеттіліктердің жалпы көлемін бейнелейтін, оны бос",жұмыс орындары бар жұмыс берушілер қалыптастыратын еңбек нарығының кұрамдасы:,"бейнелейтін, оны бос, сондықтан","оңтайлы және тиімді еңбек нарығында ұсынылған жұмыс күшіне деген қоғамдық қажеттіліктердің жалпы көлемін бейнелейтін, оны бос ете білуші және бөлінуіне байланысты жүзеге асатын шараларды қабылдауға мүмкіндік береді.",0.0,0.0,0.41,0.5,No
3059,https://itest.kz/kz/endless,STEM,Chemistry,High School,Kazakh,Chemistry (High School in kaz),Егер бастапқы заттардың массалары бірдей болса қай кезде бөлінетін оттектің көлемі көп болады?,KClO3,HgO,H2O2,KMnO4,,C,test,Егер бастапқы заттардың массалары бірдей болса қай кезде,бөлінетін оттектің көлемі көп болады?,жолындағы қимылды қорғайтатын,"Егер бастапқы заттардың массалары бірдей болса, қай кезде кинетикалық энергияның өзгеру заңына негізделген есептеулер жүргізіледі?",0.0,0.0,0.52,0.33,No
17005,https://itest.kz/kz/endless,STEM,Physics,High School,Kazakh,Physics (High School in kaz),ПӘК-і 40% жылу қозғалтқышы қыздырғыштан 5 кДж жылу алған. Қозғалтқыштың жасаған жұмысы,1 кДж,3 кДж,2 кДж,5 кДж,,C,test,ПӘК-і 40% жылу қозғалтқышы қыздырғыштан 5 кДж жылу алған.,Қозғалтқыштың жасаған жұмысы,Осы мәселені шешудің,"Сонымен қатар, ұсақтайық есептеулер мен есепті қарастырып, төмендегідей нәтижені аламыз.",0.0,0.0,0.56,0.55,No
9335,https://ymnik.kz/tests_old/history_kz/?v=28,Humanities,Kazakh_History,High School,Kazakh,Kazakh History (High School in kaz),Керей мен Жәнібек қай мемлекет жерінде Қазақ хандығын құрған?,Моңғолия.,Моғолстан.,Өзбекстан.,Татарстан.,Қырғызстан.,B,test,Керей мен Жәнібек қай мемлекет,жерінде Қазақ хандығын құрған?,"А) Қазақстанның, Ә) Қазақстан, Б) Қазақстан, В) Қазақстан. Жоғары дәреже",,0.0,0.0,0.27,0.22,No
7417,https://ymnik.kz/tests_old/geography/?v=37,Social Science,Geography,High School,Russian,Geography (High School in rus),"Государство имеет такую форму административно-территориального устройства, при которой в стране существует единая законодательная власть",Федерация,Республика,Унитарное,Конфедерация,Конституционная монархия,C,test,"Государство имеет такую форму административно-территориального устройства, при которой",в стране существует единая законодательная власть,"Государство имеет такую форму административно-территориального устройства, при которой оно подразделяется на регионы",при которой центральный орган осуществляет полный контроль над деятельностью всех уровней власти,0.0,0.0,0.67,0.65,No
20696,https://oltest.kz/tests/obshchestvennye_nauki/,"Social Science





",Social Science,University,Russian,Social Science (Professional & University in rus),"__________________ — политическая система, которая исключает участие народа в управлении государством.
","Бюрократия
",Тоталитаризм,Элитаризм,"Демократия
","Авторитаризм
",E,test,"__________________ — политическая система, которая исключает участие","народа в управлении государством.
",Авторитаризм,Авторытаризм,0.0,0.0,0.4,0.43,No
9143,https://ymnik.kz/tests_old/history_kz/?v=31,Humanities,Kazakh_History,High School,Kazakh,Kazakh History (High School in kaz),«Несториандық» христиандарды қудалауға негіз болған 431 жылғы жоғары дін басыларының жиналысы:,Эфес соборы.,Рим соборы.,Ватикан соборы.,Византия соборы.,Никей соборы.,A,test,«Несториандық» христиандарды қудалауға негіз болған 431 жылғы,жоғары дін басыларының жиналысы:,түсіндірме берілсін,"Екінші орындық жинақтама және Оқиға тексеруі үшін «Христиан діни мейірімділігіне» сілтеме берілмей, **«Оқиғаның атты»** деп атауға болады. Бұл мәселені шешу үшін **«431 жылғы Ефес конгрегациясы»** деген сөз тіркесті қолдану керек болар еді.",0.0,0.0,0.41,0.57,No
6349,https://itest.kz/kz/endless,Social Science,Geography,High School,Kazakh,Geography (High School in kaz),Тынық мұхиттағы ең үлкен жанартаулық аралдар тобын көрсетіңіз.,Отты Жер,Фиджи,Гавай,Филиппин,,C,test,Тынық мұхиттағы ең үлкен жанартаулық,аралдар тобын көрсетіңіз.,...,,0.0,0.0,0.47,0.66,No
11238,https://itest.kz/kz/endless,Language,Kazakh_Language,High School,Kazakh,Kazakh Language (High School in kaz),Болымсыздық демеулігін табыңыз.,Тегіс,Түгел,Түгіл,Тұрған,,C,test,Болымсыздық демеулігін,табыңыз.,әдістемелерге,,0.0,0.0,0.63,0.45,No
16745,https://oltest.kz/tests/filosofiya_i_psihologiya/,Humanities,Philosophy and psychology,University,Russian,Philosophy and Psychology (Professional & University in rus),"Впервые идею о неразделимости души и живого тела выдвинул:
",Аристотель,Платон,Пифагор,"Демократ
","Сократ
",A,test,Впервые идею о неразделимости души,"и живого тела выдвинул:
",Вопрос:,Такая концепция заложила основу для последующих философских открытий и научных исследований.,0.0,0.0,0.44,0.36,No
1740,https://itest.kz/ru/endless,STEM,Biology,High School,Russian,Biology (High School in rus),К многоклеточным организмам относится,Губка,Вольвокс,Эвглена,Фораминиферы,,A,test,К многоклеточным,организмам относится,относится к растениям и животным,В отличие от одноклеточных,0.0,0.0,0.42,0.45,No
2168,https://ymnik.kz/tests_old/biology/?v=33,STEM,Biology,High School,Russian,Biology (High School in rus),Реснички - органы передвижения,эвглены зеленой,арцеллы,инфузории-туфельки,хламидомонады,вольвокса,C,test,Реснички -,органы передвижения,это микроскопические образования,"Реснички - это микроскопические волоски на телёнок, которые помогают животным и растениям передвигаться и дышать.",0.0,0.0,0.51,0.5,No
2445,https://oltest.kz/tests/biologiya/,STEM,Biology,University,Russian,Biology (Professional & University in rus),"Виды растений и животных, относящиеся ко второй категории Красной Книги:","
Сокращающиеся в численности виды",Исчезающие виды,Восстановленные виды,"
Неизвестные виды",Редкие виды,A,test,"Виды растений и животных, относящиеся ко",второй категории Красной Книги:,относящимися к ним,"Виды растений и животных, относящиеся ко этим видам",0.0,0.0,0.4,0.36,No
10142,https://ymnik.kz/tests_old/history/?v=13,Humanities,Kazakh_History,High School,Russian,Kazakh History (High School in rus),"Назовите мятежный район, где численность восставших в 1930 г. достигла 5 тыс. человек:",Моюнкумы,Шемонаиха,Каркаралинск.,Сузак,Каракумы,E,test,"Назовите мятежный район, где численность восставших в 1930 г. достигла 5 тыс.",человек:,какий,"В данном разделе текста речь идет об одном из районов Крыма или Южных регионов, где в конце XIX — начале XX века формировались восстания против советского режима. Однако на основе предоставленного факта о численности восставших в 1930 году (5 тыс.) наиболее вероятным историческим контекстом является упоминание о районах, связанных с крестьянской или трудовой повинностью, таких как Херсонская губерния или Донбасс в годы Гражданской войны. Если имеется в виду конкретный исторический регион, ответ может варьироваться, но продолжение текста логично завершить указанием конкретного места (например, «В районе Херсона» или аналогично) либо дать пояснение к факту.",0.0,0.0,0.55,0.69,No
10735,https://itest.kz/kz/endless,Language,Kazakh_Language,High School,Kazakh,Kazakh Language (High School in kaz),Жұрнақ жалғану арқылы жасалған жаңа сөзді көрсетіңіз.,"Ғарышкер, зейнеткер","Ғарыш, үнқағаз","Бейнетаспа, кеден","Ермексаз, сынып",,A,test,Жұрнақ жалғану арқылы жасалған,жаңа сөзді көрсетіңіз.,қателіктердің,"Осы құрылымның ерекшелігіне байланысты тапсырманы дұрыс толтыруға болады, сондай-ақ нақты мағынаға қатысты кезеңдерді анықтау үшін ""Жұрнақ жалғану арқылы жасалған"" терминінің контексті белгілеу керек.",0.0,0.0,0.52,0.47,No
10617,https://itest.kz/ru/endless,Humanities,Kazakh_History,High School,Russian,Kazakh History (High School in rus),Празд­нество у казахов по поводу рождения ребенка,Укы тагу,Шильдехана,Кудалык,Аластау,,B,test,Празд­нество у казахов по,поводу рождения ребенка,по какому празднику?,по традициям,0.0,0.0,0.37,0.39,No
1766,https://itest.kz/ru/endless,STEM,Biology,High School,Russian,Biology (High School in rus),"Животное, имеющее раздвоенный язык",Рептилии,Птицы,Моллюски,Рыбы,,A,test,"Животное, имеющее раздвоенный",язык,"Животное, имеющее раздвоенный живот, является амфибий",... хвостом.,0.0,0.0,0.33,0.34,No
16546,https://oltest.kz/tests/medicina/,STEM,Medicine,University,Russian,Medicine (Professional & University in rus),"В костях взрослого человека органические вещества составляют:
",0.63,0.12,0.33,0.9,0.3,C,test,В костях взрослого человека,"органические вещества составляют:
",они имеют более высокую плотность,"В костях взрослого человека находятся кости разных размеров, каждый из которых выполняет свою важную роль в формировании тела.",0.0,0.0,0.57,0.5,No
20735,https://oltest.kz/tests/obshchestvennye_nauki/,"Social Science





",Social Science,University,Russian,Social Science (Professional & University in rus),"__________________ — форма социальной организации, при которой мужчины господствуют над женщинами.
",Патриархат,"Глава семейства
","Интеллектуальность
","Физическая сила
","Матриархат
",A,test,"__________________ — форма социальной организации, при которой","мужчины господствуют над женщинами.
",«Государство»,"Правительственный аппарат — форма социальной организации, при которой осуществляется централизованное управление общественными интересами.",0.0,0.0,0.33,0.33,No
22663,https://ymnik.kz/tests_old/worldhistory/?v=30,Humanities,World_History,High School,Russian,World History (High School in rus),В III в.до н.э.почти все индийские царства объединил под своей властью:,Ашшурбанапал,Хаммурапи,Ашока,Валтасар,Камбиз,C,test,В III в.до н.э.почти все индийские царства,объединил под своей властью:,и были раздроблены,...были объединены в единое государство,0.0,0.0,0.77,0.48,No
3015,https://itest.kz/kz/endless,STEM,Chemistry,High School,Kazakh,Chemistry (High School in kaz),"Гидролиздегенде осы ретпен сілтілік, қышқылдық орта көрсететін тұздар қатары","\(Al_2S_3,Na_3PO_4,NaNO_3\)","\(CrCl_3,K_2SO_4, LiNO_3\)","\(Li_2SO_4,KNO_3,FeSO_4\)","\(K_2CO_3,NH_4Cl, AlCl_3\)",,D,test,"Гидролиздегенде осы ретпен сілтілік, қышқылдық",орта көрсететін тұздар қатары,дұрыс ба?,Бұл құбылыстың негізгі факторының тәнсіз болуына қарай...,0.0,0.0,0.48,0.61,No
13135,https://itest.kz/kz/endless,Humanities,Law,High School,Kazakh,Law (High School in kaz),Шығармашылықты түйсіктің көрінісі ретінде бағалаған ғалым,Б.Рассел,Ф.Шеллинг,З.Фрейд,Сократ,,C,test,Шығармашылықты түйсіктің көрінісі ретінде,бағалаған ғалым,...құндылықтарды бағалайды.,"Осылайша, түйсіктің көрінісі ретінде шығармашылықты дамыту бойынша адамдардың ішкі қайыптарын қалыптастыру қажет. Бұл тұлғаның қолдану дәлелденді.",0.0,0.0,0.42,0.65,No
16178,https://itest.kz/ru/endless,Humanities,Math_Literacy,High School,Russian,Math Literacy (High School in rus),Стоимость покупки с учетом 3% скидки по дисконтной карте составила 1746 тенге. Сколько пришлось бы заплатить за покупку при отсутсвии дисконтной карты?,1758 тг,1824 тг,1800 тг,1762 тг,,C,test,Стоимость покупки с учетом 3% скидки по дисконтной карте составила 1746 тенге.,Сколько пришлось бы заплатить за покупку при отсутсвии дисконтной карты?,Какова была первоначальная цена товара?,"Следовательно, первоначальная стоимость товара равна 1800 тенге.",0.0,0.0,0.73,0.75,No
13660,https://itest.kz/ru/endless,Humanities,Law,High School,Russian,Law (High School in rus),"Организованная система социальных связей и норм, призванная удовлетворить основные потребности общества, социальных групп и личности",Социальная структура,Социальная группа,Социальный институт,Социальная организация,,C,test,"Организованная система социальных связей и норм, призванная удовлетворить основные","потребности общества, социальных групп и личности",общечеловеческих ценностей,"Организованная система социальных связей и норм, призванная удовлетворить основные потребности общества",0.0,0.0,0.76,0.74,No
137,https://oltest.kz/tests/buhgalterskiy_uchet_i_audit/,"Social Science





",Accounting and auditing,University,Russian,Accounting and Auditing (Professional & University in rus),"
Что не относится к группе основные средства?","
инструменты",рабочий продуктивный скот,"
незавершенное производство",предметы административного и хозяйственного назначения,"
многолетние насаждения",C,test,"
Что не относится к",группе основные средства?,Варианты ответа,в списке.,0.0,0.0,0.32,0.37,No
5307,https://oltest.kz/tests/vospitanie_i_obuchenie/,Humanities,Education and training ,University,Russian,Education and Training (Professional & University in rus),"Содержательно–процессуальную, или внутреннюю, сторону учебного процесса характеризует:
","Метод обучения
","Форма организации обучения
","Принцип обучения
","Все ответы неверны
","Технические средства обучения
",A,test,"Содержательно–процессуальную, или внутреннюю, сторону","учебного процесса характеризует:
",При применении к делу,необходимой является детальное исследование внутренней конструкции юридических фактов.,0.0,0.0,0.42,0.29,No
20072,https://itest.kz/ru/endless,Humanities,Russian_Literature,High School,Russian,Russian Literature (High School in rus),Автор поэтического сборника «Листопад» (1901 г.),А.А. Фет,И.А. Бунин,Ф.И. Тютчев,Б.Л. Пастернак,,B,test,Автор поэтического сборника «Листопад»,(1901 г.),Кто является автором?,«Автор поэтического сборника «Листопад» — Сергей Есенин.»,0.0,0.0,0.83,0.77,No
14137,https://itest.kz/kz/endless,STEM,Math,High School,Kazakh,Math (High School in kaz),"Түбірдің мәнін табыңыз.
 \(\sqrt{0,87\cdot49+0,82\cdot49}\)","9,1","1,3","82,81",91,,A,test,Түбірдің мәнін табыңыз.,"\(\sqrt{0,87\cdot49+0,82\cdot49}\)",Түбірдің мәнін табыңыз. Жауабы: А,Түбірдің мәнін табыңыз. Мәтінді оқып шығыңыз.,0.0,0.0,0.69,0.53,No
14549,https://itest.kz/kz/endless,STEM,Math,High School,Kazakh,Math (High School in kaz),"Бөлуді орындаңыз.
 \(\frac{8c}{21d^2}:\frac{6c^2}{7d}\)",\(\frac{4}{9dc}\),\(\frac{8}{9dc}\),\(\frac{1}{9dc}\),\(\frac{5}{9dc}\),,A,test,Бөлуді орындаңыз.,\(\frac{8c}{21d^2}:\frac{6c^2}{7d}\),Бұл сұрақтың жауабы,Бөлуді орындаңыз. Бұл жолдың басты ережесі болашақтың алдын ала қарайтын ерекшелік.,0.0,0.0,0.36,0.59,No
